mol,smiles,td_dft_E_S1_eV,td_dft_wl_S1_nm,td_dft_osc_S1,precond_strength_token,precond_absorption_token,precond_token,td_dft_strength_token,td_dft_absorption_token
mol0001,CC1(C)c2ccccc2N(c2ccc(/C=C(/C#N)C(=O)O)cc2)c2ccccc21,3.484232,355.8,1.555150411,0,0,str_0_abs_0,4,3
mol0004,c1ccc(N(c2ccccc2)c2ccc3c(c2)Oc2ccccc2N3c2cccc(C3CCCC3)c2)cc1,3.921178,316.2,0.221071323,0,0,str_0_abs_0,3,4
mol0005,Cc1cc(-c2ccccc2)c2ccccc2c1,4.59787,269.7,0.076767617,0,0,str_0_abs_0,3,4
mol0006,CCCC1(C)c2cc(N3c4ccccc4Oc4ccccc43)ccc2-c2ccc(N3c4ccccc4Oc4ccccc43)cc21,4.1489,298.8,0.047076068,0,0,str_0_abs_0,3,4
mol0007,CCCC1(C)c2cc(N3c4ccccc4C(C)(C)c4ccccc43)ccc2-c2ccc(N3c4ccccc4C(C)(C)c4ccccc43)cc21,4.536639,273.3,0.007778789,0,0,str_0_abs_0,2,4
mol0009,CCCCCC1(C)c2cc(N3c4ccccc4Oc4ccccc43)ccc2-c2ccc(N3c4ccccc4Oc4ccccc43)cc21,4.157325,298.2,0.036667942,0,0,str_0_abs_0,3,4
mol0013,c1ccc2c(c1)Sc1cc(-n3c4ccccc4c4ccccc43)ccc1N2c1ccc(C2CCCC2)cc1,3.998377,310.1,0.043076971,0,0,str_0_abs_0,3,4
mol0017,CC1=N/C(=N\c2ccc(N3c4ccccc4Sc4ccccc43)cc2)c2ccccc21,3.252233,381.2,1.36568447,0,0,str_0_abs_0,4,2
mol0032,Cc1cc(N2c3ccccc3Oc3ccccc32)cc(C)c1C#N,3.870967,320.3,0.071544691,0,0,str_0_abs_0,3,4
mol0034,CC1(C)c2ccccc2-c2ccc(N3c4ccccc4Sc4ccccc43)cc21,4.087772,303.3,0.006250966,0,0,str_0_abs_0,2,4
mol0035,N#Cc1cccc(N2c3ccccc3Oc3ccccc32)c1,3.94368,314.4,3.2924e-05,0,0,str_0_abs_0,0,4
mol0041,N#Cc1cc(C#N)c(C#N)cc1C#N,4.650739,266.6,0.151799608,0,0,str_0_abs_0,3,4
mol0042,N#CC1=CCC=C1,5.164673,240.1,0.108388758,0,0,str_0_abs_0,3,4
mol0047,CC1=Cc2c(N3c4ccccc4Sc4ccccc43)ccc3cccc1c23,3.418653,362.7,0.030365935,0,0,str_0_abs_0,2,3
mol0050,O=c1oc2cc3c(cc2c2c1oc1cc(N4c5ccccc5Sc5ccccc54)ccc12)oc1cc(N2c4ccccc4Sc4ccccc42)ccc13,3.807906,325.6,1.593101148,0,0,str_0_abs_0,4,4
mol0054,O=[N+]([O-])C(=CNc1ccc(/N=N/c2ccccc2)cc1)[N+](=O)[O-],2.7814,445.8,0.118839452,0,0,str_0_abs_0,3,1
mol0056,c1cc(C2CCCC2)cc(N2c3ccccc3Oc3cc(N4c5ccccc5Oc5ccccc54)ccc32)c1,4.068101,304.8,0.095431076,0,0,str_0_abs_0,3,4
mol0060,Cc1cc(-c2c(C)cc(C)c(N3c4ccccc4N(c4ccccc4)c4ccccc43)c2C)c2ccccc2c1,3.556095,348.7,0.00155159,0,0,str_0_abs_0,1,3
mol0066,FC(F)(F)c1ccc(-c2cc(-c3ccc(C(F)(F)F)cc3)cc(C3CCCC3)c2)cc1,4.963125,249.8,0.043662743,0,1,str_0_abs_1,3,4
mol0072,CCC1(C)c2cc(C=O)ccc2-c2ccc(N3c4ccccc4Sc4ccccc43)cc21,3.985571,311.1,7.5293e-05,0,1,str_0_abs_1,0,4
mol0080,O=c1[nH]c(-c2ccc(-c3ccccc3)cc2)c2c(=O)c(=O)cc1-2,2.736701,453.0,9.8586e-05,0,1,str_0_abs_1,0,0
mol0084,c1cnc2c(C3CCCC(c4ccc(-c5ccc(C6CCCC6)nn5)nn4)C3)cncc2c1,4.021519,308.3,0.009400337,0,1,str_0_abs_1,2,4
mol0090,O=C1NC(=O)C2C=CC=CC2C1=O,3.308749,374.7,0.000111877,0,1,str_0_abs_1,0,2
mol0092,c1cnc2c(c1)ccc1cc(C3CCCC3)cnc12,4.455295,278.3,0.002431844,0,1,str_0_abs_1,1,4
mol0093,CCCCCCCCCN1c2ccccc2Sc2cc(/C=C(/C#N)C(=O)O)ccc21,3.254018,381.0,0.878303476,0,1,str_0_abs_1,4,2
mol0095,CC1(C)c2ccccc2N(c2ccc(-c3cc(-c4ccccc4)nc(-c4ccccc4)c3)cc2)c2ccccc21,4.491309,276.1,0.000449934,0,1,str_0_abs_1,0,4
mol0097,c1cc2ccc3cccc4ccc(c1)c2c34,4.07776,304.0,0.002076897,0,1,str_0_abs_1,1,4
mol0102,CCCCCn1c2c(c3cc(C#Cc4ccc5ccc6cccc7ccc4c5c67)ccc31)C(C)(CCC)c1ccccc1-2,3.44805,359.6,1.713112211,0,1,str_0_abs_1,4,3
mol0107,c1cc(-c2cc3ccccc3s2)cc(C2CCC(c3cnc4c(ccc5cc(C6CCCC6)cnc54)c3)CC2)c1,4.442046,279.1,0.005286646,0,1,str_0_abs_1,2,4
mol0111,Cc1cc2cc(N(C)C)ccc2cc1C=O,3.812401,325.2,0.759361285,0,1,str_0_abs_1,4,4
mol0117,CC(=O)c1cn(-c2ccc(-n3c4ccccc4c(=O)c4ccccc43)cc2)c2ccccc12,4.027249,307.9,0.35727848,0,1,str_0_abs_1,4,4
mol0123,O=C(c1cccc(C2CCCC2)c1)C(F)(F)F,4.138675,299.6,0.000203737,0,1,str_0_abs_1,0,4
mol0129,CC1(C)c2ccccc2N(c2cc(C=O)cc(N3c4ccccc4C(C)(C)c4ccccc43)c2)c2ccccc21,3.908613,317.2,0.018919387,0,1,str_0_abs_1,2,4
mol0130,CC1(C)CCc2cc3ccc(N4c5ccccc5Oc5ccccc54)cc3cc2N1,4.067862,304.8,0.198949326,0,1,str_0_abs_1,3,4
mol0132,c1ccc(N(c2ccccc2)c2ccc(C3CCCC3)cc2)cc1,4.402144,281.6,0.050550395,0,1,str_0_abs_1,3,4
mol0135,CCCC1(C)c2cc(-c3ccc(/C=C(\C)c4ccccc4)cc3)ccc2-c2ccc(-c3ccc(/C=C(\C)c4ccccc4)cc3)cc21,3.900723,317.8,3.701980524,0,1,str_0_abs_1,4,4
mol0141,CC(=O)c1ccc2c(c1)c1cc(C(C)(C)C)ccc1n2-c1cccc(-n2c3ccc(C(C)(C)C)cc3c3cc(C(C)(C)C)ccc32)n1,4.222142,293.7,0.000282847,0,2,str_0_abs_2,0,4
mol0145,O=c1cc2ccc3cccc4ccc1c2c34,2.086543,594.2,0.118609517,0,2,str_0_abs_2,3,0
mol0153,CCCCCCCN(c1ccccc1)c1ccccc1,4.518782,274.4,0.31018167,0,2,str_0_abs_2,3,4
mol0159,c1ccc2c(c1)Sc1ccccc1N2c1ccc(C2CCCC2)cc1,4.063919,305.1,0.007115413,0,2,str_0_abs_2,2,4
mol0163,CC(=O)c1cc2ccc3cccc4ccc(c1)c2c34,3.784585,327.6,0.042955008,0,2,str_0_abs_2,3,4
mol0174,c1cc(C2CCCC2)cc(-n2c3ccccc3c3cccnc32)c1,4.436806,279.4,0.075497018,0,2,str_0_abs_2,3,4
mol0176,C1=CC2=C(c3cncnc3)C=CC2=C1,1.746932,709.7,0.004396092,0,2,str_0_abs_2,1,0
mol0181,C1=CC2=C(C3=CC4c5ccccc5C3c3cc5ccccc5cc34)C=CC2=C1,1.773611,699.0,0.010763534,0,2,str_0_abs_2,2,0
mol0183,CCC1(C)c2cc(N3c4ccccc4Oc4ccccc43)ccc2-c2ccc(N3c4ccccc4Oc4ccccc43)cc21,4.159646,298.1,0.034840472,0,2,str_0_abs_2,3,4
mol0188,CCCCCCN1c2ccccc2Sc2cc(C=O)ccc21,3.803563,326.0,0.23224675,0,2,str_0_abs_2,3,4
mol0190,c1ccc2c(c1)c1c3ccccc3n(-c3ccc(C4CCC(c5ncco5)CC4)cc3)c1c1ncn(-c3ccc(C4CCCC4)cc3)c21,4.264499,290.7,0.150168327,0,2,str_0_abs_2,3,4
mol0195,CC1=CC2=C3C(=CC=C13)C=C2,1.832544,676.6,0.001507528,0,2,str_0_abs_2,1,0
mol0207,CCCCCCCCN1c2ccccc2Sc2cc(C=O)ccc21,3.802118,326.1,0.231099518,0,2,str_0_abs_2,3,4
mol0209,CCCCCC1CCC(c2ccc(-c3ccc(C4CCCC4)cn3)nc2)CC1,4.779639,259.4,1.131894376,0,2,str_0_abs_2,4,4
mol0213,c1ccc2c(C3CCCC(c4ccc(-c5nnc(-c6ccc(C7CCCC7)cc6)o5)cc4)C3)cncc2c1,4.469412,277.4,1.549369922,0,2,str_0_abs_2,4,4
mol0218,C1=CC2=Nc3ccccc3C2=C1,2.235026,554.7,0.007676246,0,2,str_0_abs_2,2,0
mol0219,O=c1ccc2cccc(-c3cc(C4=C5C=CC=C5C=C4)cc(-c4cc(-c5ccccc5)cc(-c5ccccc5)n4)c3)c2o1,1.724458,719.0,0.007834988,0,2,str_0_abs_2,2,0
mol0223,c1ccc2c(c1)c1ccccc1n2-c1ccc(C2CCCC2)cc1,4.444372,279.0,0.094135453,0,2,str_0_abs_2,3,4
mol0226,CCCNc1c2ccccc2c(C(C)=O)c2ccccc12,3.218871,385.2,0.354257724,0,3,str_0_abs_3,4,2
mol0230,[NH3+]C1CCC([O-])C1,5.826814,212.8,0.050785241,0,3,str_0_abs_3,3,4
mol0236,CC1=c2c(ccc3ccccc23)=c2c(c3c(c4ccccc24)=CC=C3)C1=O,1.563209,793.1,0.155975821,0,3,str_0_abs_3,3,0
mol0238,CCCCCCOc1ccc(C=O)cc1OC,4.089113,303.2,0.000231353,0,3,str_0_abs_3,0,4
mol0252,CCCCCCCCCCCCCOC(=O)c1cc(=O)[nH]c2ccccc12,4.296191,288.6,0.271706203,0,3,str_0_abs_3,3,4
mol0256,CCCCCCCCCCCOc1cc2ccc3cccc4c(S(=O)(=O)O)cc(c1)c2c34,3.856833,321.5,0.138304105,0,3,str_0_abs_3,3,4
mol0257,CCCCCCCCCCCCC(=O)c1ccc2ccc3cccc4ccc1c2c34,3.795007,326.7,0.733914342,0,3,str_0_abs_3,4,4
mol0259,c1ccc(-c2ccc(C3CCCC3)cc2)cc1,5.244812,236.4,0.454120856,0,3,str_0_abs_3,4,4
mol0266,CCCCCCCCCCCNc1cc(Cl)c(Cl)c(Cl)c1,4.610469,268.9,0.085128801,0,3,str_0_abs_3,3,4
mol0268,CCCCCCCCCCCCC(=O)c1ccc2ccccc2c1,4.072013,304.5,0.008959491,0,3,str_0_abs_3,2,4
mol0271,COc1cc(/C=N/NC(=O)Cn2c3ccccc3c(=O)c3ccccc32)ccc1N(C)C,3.942169,314.5,0.04638117,0,3,str_0_abs_3,3,4
mol0273,CCCCCCCCCCCCOc1cc2ccc3cccc4ccc(c1)c2c34,3.345614,370.6,0.381778671,0,3,str_0_abs_3,4,2
mol0288,c1ccc(C2CCC(c3cccc(-c4cc5cccnc5c5ncccc45)c3)C2)nc1,4.387085,282.6,0.005066949,0,3,str_0_abs_3,2,4
mol0293,CCCCCCN(C)c1ccc(C=O)cc1Br,4.142971,299.3,0.000268647,0,3,str_0_abs_3,0,4
mol0302,c1ncc2cc(C3CCC(c4ccc(-n5cnc6cc7c(cc65)ncn7-c5ccc(C6CCCC6)cc5)cc4)CC3)ccc2n1,4.621171,268.3,0.090704933,0,3,str_0_abs_3,3,4
mol0305,CC1=CC2=CC=CC2=C1,1.929615,642.5,0.000559965,0,3,str_0_abs_3,1,0
mol0311,CC1(C)c2cc(C3CCCCC3)ccc2-c2ccc(C3CCCC(c4ccc5ccc6cccnc6c5n4)C3)cc21,4.433627,279.6,0.001433211,0,3,str_0_abs_3,1,4
mol0316,CCCCCCCCCCCOc1ccc(/C=N/c2ccc([N+](=O)[O-])cc2)c(O)c1,3.664999,338.3,1.421514256,0,3,str_0_abs_3,4,3
mol0323,CCCCCCCCCCCCCC(=O)c1ccc(C(=O)CCCCCCCCCC)cc1F,3.976942,311.8,0.002265276,0,3,str_0_abs_3,1,4
mol0329,CCCCC,9.348756,132.6,0.000807087,0,4,str_0_abs_4,1,4
mol0333,CCC,9.508967,130.4,0.00270032,0,4,str_0_abs_4,1,4
mol0339,CCCCCC,9.322711,133.0,7e-09,0,4,str_0_abs_4,0,4
mol0340,O=c1ccoc2cc(N3c4ccccc4C(c4ccccc4)(c4ccccc4)c4ccccc43)ccc12,4.366532,283.9,0.03606516,0,4,str_0_abs_4,3,4
mol0347,N#Cc1cn([C@@H]2O[C@H](CO)[C@H](O)[C@H]2O)c(=O)[nH]c1=O,5.244123,236.4,0.536494226,0,4,str_0_abs_4,4,4
mol0355,C1=Cc2ccc3c(c2=C1)=CC=C3,1.534794,807.8,0.023593367,0,4,str_0_abs_4,2,0
mol0365,COCCOCCOCC(COCCOCCNC(C)=O)OC,5.943998,208.6,0.000754954,0,4,str_0_abs_4,1,4
mol0369,C#Cc1cc(C#Cc2ccc(Cl)cc2)nc(C#Cc2ccc(Cl)cc2)n1,4.126968,300.4,1.661792215,0,4,str_0_abs_4,4,4
mol0371,O=c1cc2ccccn2c2ccccc12,3.721902,333.1,0.23441622,0,4,str_0_abs_4,3,4
mol0374,CO,7.856589,157.8,0.000172847,0,4,str_0_abs_4,0,4
mol0376,O=c1ccoc2cc(O)ccc12,4.362714,284.2,8.201e-06,0,4,str_0_abs_4,0,4
mol0382,CCCCCCCCCSC,5.739502,216.0,0.000309414,0,4,str_0_abs_4,0,4
mol0385,CC(=O)O,6.054154,204.8,0.001412226,0,4,str_0_abs_4,1,4
mol0423,CC1CCc2c1cc(C(F)(F)F)cc2C(F)(F)F,5.274015,235.1,0.056293148,0,4,str_0_abs_4,3,4
mol0429,CCCCCCCC(=O)NCc1ccc(CN2C(=O)c3ccccc3C2=O)cc1,4.456201,278.2,0.00037942,0,4,str_0_abs_4,0,4
mol0438,CCCCCCCCCCCCCC(=O)c1ccc(F)cc1,4.110532,301.6,0.001602444,0,4,str_0_abs_4,1,4
mol0439,CCCCCCCOc1cc(OCCCCC)c(C=O)cc1C=O,4.005955,309.5,7.69e-06,0,4,str_0_abs_4,0,4
mol0445,Cc1cc(N2c3ccccc3Sc3cc(N(c4ccccc4)c4ccccc4)ccc32)ccc1C#N,4.317025,287.2,0.582981029,1,0,str_1_abs_0,4,4
mol0448,Cc1cc(-n2c3ccccc3c3cc4ccccc4cc32)c2ccccc2c1,3.904387,317.6,0.108492825,1,0,str_1_abs_0,3,4
mol0450,CC1=N/C(=C\c2c3ccccc3cc3ccccc23)C(=O)O1,3.149954,393.6,0.550215415,1,0,str_1_abs_0,4,2
mol0451,COCCC1=CC2=NC1=CC=c1[nH]c(cc1CCOC)=C1C=C(C)C(=N1)c1[nH]c2cc1CCOC,1.482446,836.3,0.071417342,1,0,str_1_abs_0,3,0
mol0453,N#Cc1cccc(N(c2ccccc2)c2ccccc2)c1,4.072124,304.5,0.079543975,1,0,str_1_abs_0,3,4
mol0457,Cc1cc(N2c3ccccc3Oc3cc(N(c4ccccc4)c4ccccc4)ccc32)ccc1C#N,3.720163,333.3,0.105316046,1,0,str_1_abs_0,3,4
mol0458,CC1=P(c2ccccc2)(c2ccccc2)C(c2ccccc2)=CC(=Cc2ccccc2)C1,2.550716,486.1,0.041795031,1,0,str_1_abs_0,3,0
mol0462,Cc1cnc2oc3cc(-n4c5ccc(N(c6ccccc6)c6ccccc6)cc5c5cccnc54)cnc3c2c1,3.958144,313.2,0.081660767,1,0,str_1_abs_0,3,4
mol0464,S=[PH]1c2cc(N3c4ccccc4Oc4ccccc43)ccc2-c2ccc(N3c4ccccc4Oc4ccccc43)cc21,3.958934,313.2,0.054521944,1,0,str_1_abs_0,3,4
mol0471,CCc1ccc2cc3cc(C)ccc3cc2c1,3.781617,327.9,0.164256774,1,0,str_1_abs_0,3,4
mol0472,CCCC1=Cc2nc1ccc1[nH]c(cc1CCC)c1nc(ccc3[nH]c2cc3CCC)C(C)=C1,2.244646,552.4,0.314651069,1,0,str_1_abs_0,3,0
mol0475,COc1ccc(-n2c(-c3ccc4n3[B-](F)(F)[N+]3=C(C)C(C)=C(C)C3=C4C)nc3c4ccccc4c4ccccc4c32)cc1,2.886419,429.5,1.039864016,1,0,str_1_abs_0,4,1
mol0478,CCCCCC1(C)c2cc(C=Cc3ccc(C#N)cc3)ccc2-c2ccc(C=Cc3ccc(C#N)cc3)cc21,3.317168,373.8,3.271003224,1,0,str_1_abs_0,4,2
mol0479,CN(C)c1ccc(C2=CC(=O)C=CC2=O)cc1,2.575516,481.4,0.322613965,1,0,str_1_abs_0,4,0
mol0481,CC1=Cc2cc3cc4ccccc4cc3cc2NB1c1ccccc1,3.305534,375.1,0.147165797,1,0,str_1_abs_0,3,2
mol0486,Cc1cc(-c2c(C#N)c(-c3c(C#N)cccc3C#N)c(C#N)c(-c3c(C#N)cccc3C#N)c2C#N)c2oc(=O)ccc2c1,4.292559,288.8,0.25781563,1,0,str_1_abs_0,3,4
mol0489,c1ccc(N(c2ccccc2)c2ccc3c(c2)Sc2ccccc2N3C2CCCC2)cc1,4.130562,300.2,0.110346803,1,0,str_1_abs_0,3,4
mol0504,Cc1cc(N(C)c2ccccc2)ccc1-c1nc2ccccc2c2ccccc12,4.217263,294.0,0.660484126,1,1,str_1_abs_1,4,4
mol0505,CCCCCCCCCCN1c2ccccc2Sc2cc(/C=C(\C#N)C(=O)O)ccc21,3.130003,396.1,0.764724023,1,1,str_1_abs_1,4,2
mol0507,COc1ccc(C2=NN(CN3C(=O)C(=O)c4ccccc43)C(=O)C2)cc1,3.107666,399.0,9.0669e-05,1,1,str_1_abs_1,0,2
mol0509,O=c1cc(O)c(=O)c1=O,2.46971,502.0,5.996e-06,1,1,str_1_abs_1,0,0
mol0510,COc1cccc(N2C(=O)C(=O)NC2=S)c1,3.320868,373.3,7.573e-06,1,1,str_1_abs_1,0,2
mol0513,O=C1NC(=O)N(c2ccccc2)C1=O,4.088497,303.3,0.000910297,1,1,str_1_abs_1,1,4
mol0514,CCCCCCCCCN1c2ccc(/C=C(\C#N)C(=O)O)cc2C2CCCC21,3.365407,368.4,1.216141751,1,1,str_1_abs_1,4,3
mol0516,Cc1cc(Cc2ccc3c(c2)c2cc(C)ccc2n3C)cc(C(=O)c2ccccc2)c1,4.018189,308.6,0.002525635,1,1,str_1_abs_1,1,4
mol0517,CC1(C)CCc2cc3c(cc21)c1ccccc1n3-c1ccccc1,4.412064,281.0,0.089962383,1,1,str_1_abs_1,3,4
mol0518,Cc1cc2ccccc2c2[n+]1[B-](c1ccccc1)(c1ccccc1)Oc1ccc3ccccc3c1-2,3.402134,364.4,0.347964205,1,1,str_1_abs_1,4,3
mol0520,O=C1Cc2cc(N3CCOCC3)ccc2N1,4.438054,279.4,0.068775264,1,1,str_1_abs_1,3,4
mol0525,N#Cc1cc(C#N)c2ccc3c(-c4ccccc4)cc(C#N)c4ccc1c2c43,3.383635,366.4,1.171219155,1,1,str_1_abs_1,4,3
mol0526,CCC1=Cc2ccc3c4c(ccc1c24)C(C)=C3,2.42755,510.7,0.004850857,1,1,str_1_abs_1,2,0
mol0527,CCCCCCCn1cccc1/C=N\c1cc(Cl)cc(Cl)c1,4.164104,297.7,1.084264182,1,1,str_1_abs_1,4,4
mol0533,O=S(=O)(c1ccccc1)c1ccc2c(c1)c1cc(S(=O)(=O)c3ccccc3)ccc1n2-c1cc2cccnc2c2ncccc12,4.469225,277.4,0.004579857,1,1,str_1_abs_1,1,4
mol0536,Cc1cc(C)c2c(C)cc(C)c3c2c1C=C3,3.595297,344.9,0.033428916,1,1,str_1_abs_1,3,3
mol0540,CC(=O)N1C(=O)C(=O)c2ccccc21,3.089906,401.3,0.000126129,1,1,str_1_abs_1,0,2
mol0542,N#Cc1ccc2ccc3cccc4ccc1c2c34,3.80905,325.5,0.777318745,1,1,str_1_abs_1,4,4
mol0543,Cc1cc2c3cc(C#N)c(C#N)cc3n(-c3ccccc3)c2cc1C#N,3.888772,318.8,0.149994371,1,1,str_1_abs_1,3,4
mol0544,CSc1cc(C)cc2ccccc12,4.455092,278.3,0.219445164,1,1,str_1_abs_1,3,4
mol0546,CCCCCCCCCN1c2ccccc2C12C=Nc1c(cc3ccc4cccc5ccc1c3c45)O2,3.671626,337.7,1.181712227,1,2,str_1_abs_2,4,4
mol0549,CC1=CC(Cc2ccc3c(c2)c2cc(C)ccc2n3C)=CC1(c1ccccc1)c1cc(C)cc(C)c1,4.269711,290.4,0.094481028,1,2,str_1_abs_2,3,4
mol0550,CC1=Cc2ccc3c4c(cc(N(C)C)c1c24)C=C3,2.25182,550.6,0.031955362,1,2,str_1_abs_2,3,0
mol0551,CCCCCCCCCN1C(=O)c2cccc3cc(N=Cc4ccc(N5CCOCC5)cc4)cc(c23)C1=O,3.692772,335.7,0.793247565,1,2,str_1_abs_2,4,4
mol0552,CC(=O)N/N=C/c1c2ccccc2cc2ccccc12,3.399412,364.7,0.485138777,1,2,str_1_abs_2,4,3
mol0554,N#Cc1nc2ccccc2nc1-c1cn(-c2ccccc2)c2ccccc12,3.577317,346.6,0.247231195,1,2,str_1_abs_2,3,3
mol0558,BrC1=Cc2ccc3c4c(ccc1c24)C=C3,2.39301,518.1,0.00339688,1,2,str_1_abs_2,1,0
mol0559,CCc1cc2c3c(ccc4c3c1C(C)=C4)C=C2,2.431898,509.8,0.002282408,1,2,str_1_abs_2,1,0
mol0563,Cc1ccc2c(c1)c1cc(-c3ccccc3)ccc1n2-c1cccc(S(=O)(=O)c2ccccc2)c1,4.348114,285.1,0.090595497,1,2,str_1_abs_2,3,4
mol0577,CCCCCCCCCCBr,6.361578,194.9,0.000680089,1,2,str_1_abs_2,1,4
mol0582,O=C(F)c1ccc(N(c2ccccc2)c2ccccc2)cc1,4.050203,306.1,0.891705159,1,2,str_1_abs_2,4,4
mol0586,CCc1cc(C)c2ccc3c(CC)cc(CC)c4ccc1c2c34,3.820723,324.5,0.874763777,1,2,str_1_abs_2,4,4
mol0591,Cc1cc(C)c2ccc3c(C)cc(C)c4ccc1c2c43,3.776555,328.3,0.855791589,1,2,str_1_abs_2,4,4
mol0592,CCCCCCCCCN1C(=O)c2cccc3c(-c4ccc(N(c5ccccc5)c5ccccc5)cc4)ccc(c23)C1=O,3.590418,345.3,1.122254908,1,2,str_1_abs_2,4,3
mol0594,CC1=Cc2ccc3c4c(cc(N(c5ccccc5)c5ccccc5)c1c24)C=C3,2.320511,534.3,0.027238264,1,2,str_1_abs_2,2,0
mol0596,CC(C)(C)C1=CC2=CC=CC2=C1,1.9498,635.9,0.0007817,1,2,str_1_abs_2,1,0
mol0598,c1ccc2c(c1)Sc1ccccc1N2C1CCCC1,4.324616,286.7,0.006581427,1,2,str_1_abs_2,2,4
mol0600,CCC1(C)c2cc(C#Cc3cccc(C=C(C#N)C#N)c3)ccc2-c2ccc(C#Cc3cccc(C=C(C#N)C#N)c3)cc21,3.669315,337.9,3.044805783,1,2,str_1_abs_2,4,3
mol0603,CCCCCCCCCN1c2ccccc2Sc2cc(F)ccc21,4.299014,288.4,0.002491272,1,2,str_1_abs_2,1,4
mol0606,CCCCCCCCCCCOc1ccc2ccc3cccc4ccc1c2c34,3.870707,320.3,0.574691257,1,3,str_1_abs_3,4,4
mol0610,CCCCCc1cc2ccc3ccc4cc(C)sc4c3c2s1,4.19371,295.6,3.863e-05,1,3,str_1_abs_3,0,4
mol0611,Nc1cnc2ccccc2c1,4.241065,292.3,0.185782311,1,3,str_1_abs_3,3,4
mol0615,c1ccc2c(c1)sc1nccc(C3CCCC3)c12,4.661851,266.0,0.065835175,1,3,str_1_abs_3,3,4
mol0616,CCCCOC(=O)c1ccc2ccc3cccc4ccc1c2c34,3.865269,320.8,0.763905742,1,3,str_1_abs_3,4,4
mol0618,CCCC1(C)CCc2cc3ccc(N(C)C)cc3cc21,4.105329,302.0,0.176464748,1,3,str_1_abs_3,3,4
mol0624,CCOc1ccc2c(c1)c1cc(OC)ccc1n2-c1ccccc1,4.114629,301.3,0.138014695,1,3,str_1_abs_3,3,4
mol0628,CC1=CC=c2c1ccc1ccc3c(c21)C=CC=3,1.131147,1096.1,0.026621093,1,3,str_1_abs_3,2,0
mol0634,N#Cc1cn([C@H]2O[C@H](CO)[C@H](O)[C@@H]2O)c(N/N=C2\C(=O)c3cc(Br)ccc3N2Cc2ccccc2)n1,2.909894,426.1,0.327861045,1,3,str_1_abs_3,4,1
mol0639,CCCCCCCCCCN1c2ccccc2Sc2cc(Cl)c3ccccc3c21,3.573866,346.9,0.082301642,1,3,str_1_abs_3,3,3
mol0640,CCCCCCCN1c2cccc3cc(/C=C(\C#N)C(=O)O)cc(c23)C1(C)C,3.085708,401.8,0.194951327,1,3,str_1_abs_3,3,2
mol0645,Fc1cc2c3cccc-3csc2c(F)c1N1c2ccccc2Sc2ccccc21,3.266303,379.6,0.211442199,1,3,str_1_abs_3,3,2
mol0651,CCCOc1cc2ccc3cc(-c4ccc(F)cc4)cc4ccc(c1)c2c34,3.861616,321.1,0.028314572,1,3,str_1_abs_3,2,4
mol0653,NCc1cn(-c2ccccc2)nc1-c1ccccc1,4.953392,250.3,1.065325365,1,3,str_1_abs_3,4,4
mol0655,CC1c2cc(C(F)(F)F)ccc2-c2ccc(C(F)(F)F)cc21,4.854885,255.4,0.701872805,1,3,str_1_abs_3,4,4
mol0656,Cc1cc2ccccc2c2c1C(C)(C)c1c-2ccc2ccccc12,4.053969,305.8,0.682529024,1,3,str_1_abs_3,4,4
mol0660,C[Si](C)(C)c1c2ccccc2cc2ccccc12,3.637457,340.9,0.250867097,1,3,str_1_abs_3,3,3
mol0662,O=[N+]([O-])c1ccc(Cl)c([N+](=O)[O-])c1,4.019733,308.4,1.0548e-05,1,3,str_1_abs_3,0,4
mol0668,CCc1c2ccccc2c(N2c3ccccc3Sc3ccccc32)c2ccccc12,3.603256,344.1,0.329859984,1,3,str_1_abs_3,4,3
mol0678,CCCCCCCCCCCS,5.799943,213.8,0.000644249,1,4,str_1_abs_4,1,4
mol0682,Cc1ccnc(NS(=O)(=O)c2ccc(NC=O)cc2)n1,4.940792,250.9,0.010690425,1,4,str_1_abs_4,2,4
mol0688,O=C1CCC(=O)N1,5.383136,230.3,0.002025266,1,4,str_1_abs_4,1,4
mol0690,O=C1CCc2cc(O)ccc21,4.248113,291.9,0.000176893,1,4,str_1_abs_4,0,4
mol0696,CCCCCSc1ccc(C(F)(F)F)cn1,4.958593,250.0,0.292151017,1,4,str_1_abs_4,3,4
mol0701,O=CO,5.985055,207.2,0.001674888,1,4,str_1_abs_4,1,4
mol0705,NC(=O)c1ccc2ccccc2n1,4.464593,277.7,0.002158784,1,4,str_1_abs_4,1,4
mol0707,Cc1ccc2c(ccc3ccccc32)c1,4.363844,284.1,0.000683416,1,4,str_1_abs_4,1,4
mol0714,COCCOCCOCCOCCOCCOCCOCCOc1ccc2c(c1)C1(OCCO1)c1cc(P(=O)(OC)OCCOCCOCCOCCOCCOCCCCCCl)ccc1-2,4.486923,276.3,0.657675647,1,4,str_1_abs_4,4,4
mol0718,CCCCCCCCCCc1ccc(C(=O)c2ccccc2)cc1,4.025039,308.0,0.002477612,1,4,str_1_abs_4,1,4
mol0719,CCN(C)C,6.710478,184.8,0.024707227,1,4,str_1_abs_4,2,4
mol0723,CCCCCCCCCCCN(C)C,6.854393,180.9,0.065425674,1,4,str_1_abs_4,3,4
mol0728,C1=NN2CCCCC12,5.452806,227.4,0.117323732,1,4,str_1_abs_4,3,4
mol0734,C[C](C)(C)[Zn][CH]1C(c2ccccc2)=Nc2ccccc21,4.364064,284.1,0.69685732,1,4,str_1_abs_4,4,4
mol0741,COC(COCCOCCOCCOCCCCCCl)C(=O)O,5.723911,216.6,0.001454455,1,4,str_1_abs_4,1,4
mol0744,CCOC(=O)c1ccc2ncc(C(=O)OC)n2n1,4.326256,286.6,0.080890092,1,4,str_1_abs_4,3,4
mol0746,COC(COCCOCCNS(=O)(=O)c1ccc2c(c1)OCCO2)OCCOCCNC(=O)c1ccc2c(S(=O)(=O)O)cccc2n1,4.390563,282.4,0.002801788,1,4,str_1_abs_4,1,4
mol0765,c1ccc2c(c1)ccc1ccccc12,4.382585,282.9,0.003493787,1,4,str_1_abs_4,1,4
mol0768,Nc1nc2cc(F)c(F)cc2[nH]1,5.006452,247.6,0.274785762,1,4,str_1_abs_4,3,4
mol0774,N#Cc1ccc2c(C#N)c3ccc4ccc5cccc(c2c1)c5c4-3,2.497875,496.4,0.038122804,2,0,str_2_abs_0,3,0
mol0776,CC1=CC(=O)C(c2ccc(N(C)C)cc2)=CC1=O,2.613253,474.4,0.308370435,2,0,str_2_abs_0,3,0
mol0779,Cn1c2ccccc2c2cccc(C3=CC=C4C3=Nc3ccccc34)c21,1.931894,641.8,0.059859608,2,0,str_2_abs_0,3,0
mol0784,CC1=Cc2nc1c1ccc([nH]1)c(-c1ccc(N)cc1)c1nc(c(-c3ccc(N)cc3)c3ccc([nH]3)c3ccccc23)C=C1,1.999718,620.0,0.477378923,2,0,str_2_abs_0,4,0
mol0788,Cc1cc(C(=O)O)nc(C)c1C,4.967857,249.6,0.002316858,2,0,str_2_abs_0,1,4
mol0790,C1=C2CCC(C1)C2,4.361685,284.3,0.127474876,2,0,str_2_abs_0,3,4
mol0798,CC1=Cc2cc3cc4cc5ccccc5cc4cc3cc2[Si]1(C)C,3.015628,411.1,0.190141762,2,0,str_2_abs_0,3,1
mol0809,CSc1cc(C(=O)c2ccccc2)cc(-n2c3ccccc3c3cc(C)ccc32)c1,4.003248,309.7,0.00306324,2,0,str_2_abs_0,1,4
mol0813,CC1=C(C)C(C)=[N+]2C1=C(c1c(C)c3c4c(c1C)CCCN4CCC3)c1c3ccccc3c(C)n1[B-]2(F)F,2.730297,454.1,1.019612082,2,0,str_2_abs_0,4,0
mol0822,CCCc1cc2ccc1[nH]c1ccc3nc(c4cc(CCC)c(ccc5nc(c2[nH]1)C=C5CCO)[nH]4)C=C3C,2.341718,529.5,0.010004129,2,0,str_2_abs_0,2,0
mol0823,Cc1ccc2c(c1)c(C)cc1cc3ccccc3cc12,3.914331,316.7,0.128060363,2,0,str_2_abs_0,3,4
mol0825,Cc1cc2cc3ccccc3cc2c2cc3cc4cc5ccccc5cc4cc3cc12,2.725168,455.0,0.160511758,2,0,str_2_abs_0,3,0
mol0829,CN(c1ccccc1)c1ccc(/C=C(\C#N)c2ccccc2)cc1,3.501315,354.1,1.508386516,2,0,str_2_abs_0,4,3
mol0831,CCCC1=C2NC3=C2C(=C1)CCCC(C)=C3,2.859971,433.5,0.017262289,2,0,str_2_abs_0,2,1
mol0834,CC1=C(C)C2CCCCC2=C1C,5.098365,243.2,0.200010193,2,0,str_2_abs_0,3,4
mol0837,Oc1cccc2c3c4c(cccc4cc12)C(Cl)=C3,2.849456,435.1,0.182232897,2,1,str_2_abs_1,3,1
mol0841,C1=CC2=Nc3ccc4c5ccccc5n(-c5nnc(-c6ccccc6)n5-c5ccccc5)c4c3C2=C1,2.030395,610.6,0.006305581,2,1,str_2_abs_1,2,0
mol0842,Cc1ccc2c(c1)c1ccccc1n2C1=C2C=CC=C2C=C1,1.71576,722.6,0.00861133,2,1,str_2_abs_1,2,0
mol0845,O=S(=O)(c1ccccc1)c1cccc(-n2c3ccccc3c3c2ccc2c4ccccc4n(-c4cccc(S(=O)(=O)c5ccccc5)c4)c23)c1,4.22611,293.4,0.317669919,2,1,str_2_abs_1,3,4
mol0848,N#Cc1cc(N2C=C3C=CC=C32)c(-n2c3ccccc3c3ccccc32)cc1C#N,2.574903,481.5,0.046193748,2,1,str_2_abs_1,3,0
mol0849,Cc1cc(C)cc(N2c3ccccc3C(C)(C)c3cc4ccccc4cc32)c1,4.073264,304.4,0.204394977,2,1,str_2_abs_1,3,4
mol0850,Cc1ccc2cc3ccc(C)cc3cc2c1,3.808417,325.6,0.166814105,2,1,str_2_abs_1,3,4
mol0852,COc1cccc2c1c1c(c3cc(C)ccc3n1C)c1c2c2ccccc2n1C,3.870719,320.3,0.277861412,2,1,str_2_abs_1,3,4
mol0853,C1=CC2=C(n3c4ccccc4c4cc5c(cc43)c3ccccc3n5-c3ccccc3)C=CC2=C1,1.689866,733.7,0.010143051,2,1,str_2_abs_1,2,0
mol0854,COc1ccc(-c2ccc3c(c2)C(=O)C(=O)S3)cc1,2.867063,432.4,6.7113e-05,2,1,str_2_abs_1,0,1
mol0856,CCCc1ccc2cc3cc(C)ccc3cc2c1,3.778544,328.1,0.163619282,2,1,str_2_abs_1,3,4
mol0858,Cc1ccc2cc3cc(C)ccc3cc2c1,3.78997,327.1,0.164004242,2,1,str_2_abs_1,3,4
mol0863,O=[N+]([O-])c1cc([N+](=O)[O-])c(N(CCO)CCO)cc1N(CCO)CCO,3.329117,372.4,0.014925039,2,1,str_2_abs_1,2,2
mol0866,O=C1OC2(O)C(=O)OC(c3ccccc3)=C2C1=O,3.503101,353.9,0.001678758,2,1,str_2_abs_1,1,3
mol0867,O=C1c2ccccc2C(=O)c2ccccc21,3.453159,359.0,4.38e-07,2,1,str_2_abs_1,0,3
mol0868,N#Cc1cc(N2c3ccccc3Oc3ccccc32)cc(C#N)c1-n1c2ccccc2c2ccccc21,3.408098,363.8,0.002181385,2,1,str_2_abs_1,1,3
mol0871,O=c1c2cccc3c4ccc5cccc(c54)c(c23)n1-c1ccccc1,2.577834,481.0,0.213457895,2,1,str_2_abs_1,3,0
mol0872,CC(=O)NNc1c2ccccc2nc2ccccc12,3.672649,337.6,0.270117489,2,1,str_2_abs_1,3,4
mol0873,CCCCCCCN1C(=O)c2c3ccccc3cc3cccc1c23,3.366625,368.3,0.259168518,2,2,str_2_abs_2,3,3
mol0874,CCCCCCCCN1C(=O)c2ccc3cc(OC)c(-c4ccc(-c5ccccc5)cc4)cc3c2C1=O,3.641583,340.5,0.046732195,2,2,str_2_abs_2,3,3
mol0876,CCNc1ccc2cc3ccccc3cc2c1,3.527612,351.5,0.164718163,2,2,str_2_abs_2,3,3
mol0878,Cn1c2ccc(-c3ccccc3)cc2c2cc(-c3cccc4ccccc34)ccc21,4.243598,292.2,0.070799565,2,2,str_2_abs_2,3,4
mol0879,CN(Cc1ccc(N2c3ccccc3Sc3ccccc32)cc1)c1ccccc1,4.074322,304.3,0.006775354,2,2,str_2_abs_2,2,4
mol0882,C[Si]1(C)O[Si](C)(C)c2cc3cc4cc5c(cc4cc3cc21)C(=O)c1ccccc1C5=O,3.406366,364.0,0.067702488,2,2,str_2_abs_2,3,3
mol0883,Nc1nc(N/N=C/c2cc([N+](=O)[O-])ccc2O)nc(Nc2cccc3ccccc23)n1,4.311597,287.6,1.307445401,2,2,str_2_abs_2,4,4
mol0885,CCCCCCCn1c(=O)c2cccc3cc(Oc4ccc5cccc6c5c4C=C6)c4cccc(c1=O)c4c32,3.573843,346.9,0.016527697,2,2,str_2_abs_2,2,3
mol0886,C1=CC2=C(n3cnc4ccccc43)C=CC2=C1,1.792444,691.7,0.004963916,2,2,str_2_abs_2,2,0
mol0887,C1=CC(n2c3ccccc3c3cc(-c4ccc(-n5c6ccccc6c6ccccc65)cc4)ccc32)=C1,2.599318,477.0,0.057178053,2,2,str_2_abs_2,3,0
mol0889,C1=CC2=Nc3ccc(-c4ccc5c(c4)c4ccccc4n5-c4ccccc4)cc3C2=C1,2.141892,578.9,0.000924505,2,2,str_2_abs_2,1,0
mol0890,c1ccc2c(c1)c1ccc(-c3ccc4[nH]c5ccncc5c4c3)cc1n2-c1ccc(-n2ccc3cnccc32)cc1,4.373057,283.5,0.109665111,2,2,str_2_abs_2,3,4
mol0891,CCCCCCCCCN1c2ccccc2C(C)(C)c2c1ccc1cc(N3CCCCC3)c(C(F)(F)F)cc21,3.514813,352.7,0.09454262,2,2,str_2_abs_2,3,3
mol0897,CC(=O)c1ccc2cc(N(c3ccccc3)c3cccc4ccccc34)ccc2c1,3.858806,321.3,0.724253309,2,2,str_2_abs_2,4,4
mol0898,C1=Cc2cc(N(c3ccccc3)c3ccccc3)c3c4c(ccc1c24)C=C3,2.314054,535.8,0.047988771,2,2,str_2_abs_2,3,0
mol0899,CC1=c2c(nc3c4ccccc4c4cccc4n23)C=C1,0.943278,1314.4,0.003558045,2,2,str_2_abs_2,1,0
mol0900,Cc1cccc(C2=Cc3cccc[n+]3[B-](F)(F)O2)c1,3.857273,321.4,0.987929082,2,2,str_2_abs_2,4,4
mol0903,C1=CC2=Nc3ccc(-c4cccc5cc6ccccc6cc45)cc3C2=C1,2.19671,564.4,0.00258935,2,2,str_2_abs_2,1,0
mol0904,N#Cc1ccc(N2c3ccccc3Oc3ccccc32)cc1C#N,3.384162,366.4,0.125868786,2,2,str_2_abs_2,3,3
mol0909,CCN1CCC2=C1CC(C)(C)CC2=O,4.603025,269.4,0.284710353,2,3,str_2_abs_3,3,4
mol0910,O=[N+]([O-])c1ccc(Nc2ccccc2)cc1,3.833222,323.4,0.954079103,2,3,str_2_abs_3,4,4
mol0912,CCCCCCCCCOc1ccc2c3c(cccc13)C=C2,3.459947,358.3,0.085587804,2,3,str_2_abs_3,3,3
mol0914,Cc1cc2ccc3cccc4cc5cnccc5c1-c2c34,1.928094,643.0,0.058006404,2,3,str_2_abs_3,3,0
mol0915,CCCCCCCc1ccc2ccc3cccc4ccc1c2c34,4.022181,308.3,0.46104411,2,3,str_2_abs_3,4,4
mol0918,C1=CN=C1,3.410293,363.6,0.002882433,2,3,str_2_abs_3,1,3
mol0919,Clc1cc2c3c(cccc3c1)C=C2,3.466547,357.7,0.005867567,2,3,str_2_abs_3,2,3
mol0921,CN(CCO)c1ccc(/C=C/C(=O)c2ccc(NC(=O)c3cccc(S)c3)cc2)cc1,3.491472,355.1,1.659321874,2,3,str_2_abs_3,4,3
mol0922,C1=CC2=C(n3ccc4ccccc43)C=CC2=C1,1.65713,748.2,0.008827691,2,3,str_2_abs_3,2,0
mol0923,O=S(=O)(c1ccccc1)c1ccc(-c2cc(-c3ccc(-n4cccn4)cc3)cc(-c3ccc(S(=O)(=O)c4ccccc4)cc3)c2)cc1,4.786646,259.0,0.056295071,2,3,str_2_abs_3,3,4
mol0925,O=C(O)CCC1=C2C=CC=C2C=C1,1.941317,638.7,0.000651716,2,3,str_2_abs_3,1,0
mol0930,C1=NC(c2ccc(N(c3ccccc3)c3ccccc3)cc2)=C1,2.519885,492.0,0.311149605,2,3,str_2_abs_3,3,0
mol0931,CC(=O)Nc1ccc(C(=O)/C=C/c2ccc(N(C)CCO)cc2)cc1,3.514131,352.8,1.463080824,2,3,str_2_abs_3,4,3
mol0932,Fc1ccc2ccc(Nc3nc(Nc4ccccc4)nc4ccc(Br)cc34)cc2c1,3.936017,315.0,0.607205481,2,3,str_2_abs_3,4,4
mol0938,Cc1cc2ccccc2c2c1ccc1c3ccccc3ccc12,3.909706,317.1,0.002918946,2,3,str_2_abs_3,1,4
mol0941,CCc1cc2ccccc2nc1SCC(=O)Nc1ccc(C(C)=O)cc1,4.186756,296.1,0.000171571,2,3,str_2_abs_3,0,4
mol0945,Cc1cc(C)c([SH](=O)=O)c(C)c1,5.226775,237.2,0.039245408,2,3,str_2_abs_3,3,4
mol0947,CCCOc1cc(=O)oc2c(OCC)ccc(OC)c12,4.254953,291.4,0.206107815,2,3,str_2_abs_3,3,4
mol0948,CC(=O)c1ccc2ccc3c(N(C)C)ccc4ccc1c2c43,3.293239,376.5,0.908672578,2,3,str_2_abs_3,4,2
mol0949,Cc1cc2ccccc2c2c1CCC1=C3CCc4ccc(c1c43)CC2,3.178072,390.1,0.004959106,2,3,str_2_abs_3,2,2
mol0951,COCCOc1ccc(C(N)=O)cc1,5.1956,238.6,0.021854392,2,4,str_2_abs_4,2,4
mol0955,CC1(C)CC=C2C1=Nc1ccc(O)cc1C2(C)C,4.29266,288.8,0.57671934,2,4,str_2_abs_4,4,4
mol0957,CC1CCCC1,9.157843,135.4,0.000323599,2,4,str_2_abs_4,0,4
mol0959,Br,7.263195,170.7,0.004481101,2,4,str_2_abs_4,1,4
mol0960,OCl,5.115307,242.4,0.003504448,2,4,str_2_abs_4,1,4
mol0963,OF,4.764125,260.2,1.854e-05,2,4,str_2_abs_4,0,4
mol0966,Cc1ccc2c(C)coc2c1,5.17811,239.4,0.082734604,2,4,str_2_abs_4,3,4
mol0967,CC1=CCC1,7.297273,169.9,0.536961839,2,4,str_2_abs_4,4,4
mol0970,CCCCN1C(=O)c2cccc3c(N4CCOCC4)ccc(c23)C1=O,3.440456,360.4,0.596829647,2,4,str_2_abs_4,4,3
mol0976,CC(C)C,9.44072,131.3,0.009567598,2,4,str_2_abs_4,2,4
mol0978,C1=CCCC1,7.209609,172.0,0.446945009,2,4,str_2_abs_4,4,4
mol0981,COc1ccc(N(C)C(=O)Cn2c3ccccc3c(=O)c3ccccc32)cc1,4.010423,309.2,0.268717454,2,4,str_2_abs_4,3,4
mol0986,CC1=C2C=CC=C2C=C1,1.923113,644.7,0.000694212,2,4,str_2_abs_4,1,0
mol0988,C1=Cc2cccc3cccc1c23,3.515721,352.7,0.011563811,2,4,str_2_abs_4,2,3
mol0993,[As]c1nc2ccccc2o1,0.727916,1703.3,3.2537e-05,2,4,str_2_abs_4,0,0
mol0994,Nc1nc(Nc2ccccc2)nc(Nc2ccccc2)n1,5.070197,244.5,1.328212899,2,4,str_2_abs_4,4,4
mol0995,N#Cc1ccc2c(c1)cc(C#N)c1c3cc(C#N)ccc3c(C#N)cc21,3.904191,317.6,0.122051653,3,0,str_3_abs_0,3,4
mol1000,O=C1C=CC=C1c1ccccc1,2.752143,450.5,0.083067154,3,0,str_3_abs_0,3,0
mol1006,Cc1cc2c3ccccc3cc3ccc4cccc1c2c43,1.882044,658.8,0.025490027,3,0,str_3_abs_0,2,0
mol1008,COc1cc(/C=C/C2=CC(C)=[O+][B-](F)(F)O2)ccc1O,3.453898,359.0,1.502748226,3,0,str_3_abs_0,4,3
mol1014,N#Cc1cc(C#N)c(N2c3ccccc3Oc3ccccc32)c(C#N)c1,3.001846,413.0,0.085100054,3,0,str_3_abs_0,3,1
mol1018,CC1=CC(C)=[N+]2C1=Cc1ccc(C)n1[B-]2(F)F,3.00957,412.0,0.93227969,3,0,str_3_abs_0,4,1
mol1024,CCCc1c2ccccc2c(CC)c2ccccc12,3.563742,347.9,0.27560155,3,0,str_3_abs_0,3,3
mol1026,CC1=Cc2ccc3ccccc3[n+]2[B-](F)(F)N1c1ccccc1,3.618854,342.6,0.775567257,3,0,str_3_abs_0,4,3
mol1027,N#Cc1ccc2c(c1)c1ccccc1n2-c1ccc(-c2cc(-c3ccccc3)c(C#N)c(-c3ccccc3)c2)cc1,4.445268,278.9,0.11940245,3,0,str_3_abs_0,3,4
mol1029,CCOCCC1=Cc2nc1ccc1[nH]c(cc1CCOCC)c1nc(ccc3[nH]c2cc3CCOCC)C(CCOC)=C1,2.235749,554.6,0.339187525,3,0,str_3_abs_0,4,0
mol1031,CNc1cc2ccccc2c2c1=NC(C)(C)N=2,3.05474,405.9,0.154392398,3,0,str_3_abs_0,3,1
mol1036,CCc1cc2c3ccccc3[nH]c2c2ccccc12,4.194759,295.6,0.139898894,3,0,str_3_abs_0,3,4
mol1041,CCCCCCCCCCOC,8.04203,154.2,0.018304463,3,0,str_3_abs_0,2,4
mol1045,CCc1ccc2cc3cc4ccccc4cc3cc2c1,3.025588,409.8,0.188404754,3,0,str_3_abs_0,3,1
mol1051,Cc1cc2cc3ccccc3cc2c2cc3cc4ccccc4cc3cc12,3.293187,376.5,0.149019577,3,0,str_3_abs_0,3,2
mol1057,CC1=Cc2ccc(N)c3cccc1c23,3.217919,385.3,0.15110457,3,0,str_3_abs_0,3,2
mol1063,CCOCCc1cc2[nH]c1ccc1nc(c3cc(CCOC)c(ccc4nc2C=C4CCOC)[nH]3)C=C1CCOC,1.978928,626.5,0.247179818,3,0,str_3_abs_0,3,0
mol1064,COCC#N,7.298288,169.9,0.001344598,3,0,str_3_abs_0,1,4
mol1066,Clc1c2cc3ccccc3cc2c(Oc2ccccc2)c2cc3sccc3cc12,2.622257,472.8,0.262977406,3,0,str_3_abs_0,3,0
mol1069,O=CCc1cc2cc3ccccc3cc2c2nc3ccccc3n12,3.880674,319.5,0.13267642,3,0,str_3_abs_0,3,4
mol1076,Oc1ccc2cc3ccc(O)cc3cc2c1,3.760528,329.7,0.151889801,3,1,str_3_abs_1,3,4
mol1080,CC(=O)NN=Cc1c2ccccc2cc2ccccc12,3.397986,364.9,0.485935172,3,1,str_3_abs_1,4,3
mol1088,O=S(=O)(c1ccccc1)c1ccc(-n2c3ccc(-c4ccccc4)cc3c3cc(-c4ccccc4)ccc32)cc1,4.330381,286.3,0.139816879,3,1,str_3_abs_1,3,4
mol1094,Fc1ccc(N(c2cc(F)cc(F)c2)c2ccc3ccc4ccc(N(c5cc(F)cc(F)c5)c5cc(F)cc(F)c5)cc4c3c2)cc1,3.940512,314.6,0.019578458,3,1,str_3_abs_1,2,4
mol1098,CCCCCCCn1c2ccc(OC)cc2c2ccc3c4cc(OC)ccc4n(CCC)c3c21,3.988577,310.8,0.147349436,3,1,str_3_abs_1,3,4
mol1104,Oc1ccc2cc3ccccc3cc2c1,3.716248,333.6,0.165091057,3,1,str_3_abs_1,3,4
mol1106,COc1cc2c3c(ccc4c3c1C=C4)OC2=O,3.083376,402.1,0.044936732,3,1,str_3_abs_1,3,2
mol1107,N#CC1=Cc2cccc3cccc1c23,3.410521,363.5,0.045893825,3,1,str_3_abs_1,3,3
mol1109,CCn1c(=O)c2c(-c3ccccc3)c(-c3ccccc3)n(C)c2c2ccccc21,4.319342,287.0,0.764230928,3,1,str_3_abs_1,4,4
mol1111,COC(=O)C1=C(C)NC2=C(C(=O)CC(C)(C)C2)C1c1c2ccccc2cc2ccccc12,3.653696,339.3,0.265922978,3,1,str_3_abs_1,3,3
mol1116,COC(=O)/C=C/c1c2ccccc2cc2ccccc12,3.400759,364.6,0.437350506,3,1,str_3_abs_1,4,3
mol1121,CCCCCCCn1c2ccccc2c2ccc3c(c4ccccc4n3CCC)c21,4.144261,299.2,0.25627246,3,1,str_3_abs_1,3,4
mol1125,COc1cc2nc3cc(Cl)ccc3nc2cc1NC(=O)c1cccc(Br)c1,3.644015,340.2,0.478299374,3,1,str_3_abs_1,4,3
mol1131,Nc1cc2c3c(ccc4c3c1C=C4)C=C2,2.329211,532.3,0.022559565,3,1,str_3_abs_1,2,0
mol1143,O=c1c2ccccc2[nH]c2cc3ccccc3cc12,3.503913,353.8,0.192957491,3,1,str_3_abs_1,3,3
mol1144,N#Cc1c2ccccc2c(C#N)c2cc3ccccc3cc12,2.588644,479.0,0.275348131,3,1,str_3_abs_1,3,0
mol1147,CCCCCCCCCn1c(=O)c2cc3cc4cc5c(=O)n(CCCCCCC)c(=O)c5cc4cc3cc2c1=O,3.64071,340.5,0.333454642,3,1,str_3_abs_1,4,3
mol1150,C[N+]1=C2C=CC2=C(c2ccccc2)c2cccn2[B-]1(F)F,3.088635,401.4,0.005497469,3,1,str_3_abs_1,2,2
mol1157,COc1ccc2cc3cc4cc(OC)ccc4cc3cc2c1,3.038052,408.1,0.166750263,3,2,str_3_abs_2,3,1
mol1160,CNc1cc2ccccc2c2c1C(=O)CC2,3.528113,351.4,0.130110761,3,2,str_3_abs_2,3,3
mol1162,O=C1c2c(oc3ccccc3c2=O)-c2oc3ccccc3c21,2.769614,447.7,0.110877831,3,2,str_3_abs_2,3,1
mol1165,N#Cc1nc(N2c3ccccc3Oc3ccccc32)nc(N2c3ccccc3Oc3ccccc32)n1,4.363165,284.2,0.424875632,3,2,str_3_abs_2,4,4
mol1166,O=Cc1cccc(N(c2ccccc2)c2ccccc2)c1,3.805925,325.8,0.058519305,3,2,str_3_abs_2,3,4
mol1170,COc1ccc2c1c(C)c1cccc3cnc2n31,2.036945,608.7,0.169796476,3,2,str_3_abs_2,3,0
mol1173,CCCCCCCCN1c2ccccc2-c2ccccc2C12C(C#N)=C(N)Oc1c2ccc2c3ccccc3n(CCN(C)C)c12,4.069762,304.6,0.249756459,3,2,str_3_abs_2,3,4
mol1174,CCN1C(=O)c2cccc3cccc(c23)C1=O,4.185817,296.2,0.443034542,3,2,str_3_abs_2,4,4
mol1182,CCCCCCCCCn1c2cc3ccccc3cc2c2cc3c(cc21)oc1ccc2ccccc2c13,3.739756,331.5,0.242487729,3,2,str_3_abs_2,3,4
mol1191,CCCCCCCn1c2ccc(-c3ccc(F)cc3)cc2c2cc3c4cc(-c5ccc(F)cc5)ccc4n(CCCC)c3cc21,4.110615,301.6,0.141930864,3,2,str_3_abs_2,3,4
mol1193,C[Si](C)(C)c1c2c(cc3c4ccccc4n(-c4ccccc4)c13)[Si](C)(C)c1ccccc1[Si]2(C)C,4.221822,293.7,0.096592257,3,2,str_3_abs_2,3,4
mol1197,CCCCCCCCCCn1c2ccc(C#N)cc2c2c3c4cc(C#Cc5cccc(/C=C(\C#N)C(=O)O)c5)ccc4n(CCCCCCCCC)c3ccc21,3.814404,325.0,0.029268653,3,2,str_3_abs_2,2,4
mol1205,CCCCCCCn1c2ccc(/C=N/c3ccc4oc5ccccc5c4c3)cc2c2cc(/C=C(\C#N)C(=O)O)ccc21,3.612629,343.2,1.768739662,3,2,str_3_abs_2,4,3
mol1206,NCc1c2ccccc2cc2ccccc12,3.678545,337.0,0.226504842,3,2,str_3_abs_2,3,4
mol1212,CCCCCn1c(=O)c2c(=O)c3c(=O)n(CCCCC)c(=O)c3c2c1=O,2.608483,475.3,0.01566429,3,2,str_3_abs_2,2,0
mol1214,CCCCn1c(-c2sc3scc(-c4ccc(C#N)cc4)c3c2N2CCCCC2)nc2c(sc3ccccc32)c1=O,4.065314,305.0,0.02949049,3,2,str_3_abs_2,2,4
mol1217,CCCCN1c2ccccc2C(C)(C)C12C=Cc1c2c2ccc(OC)cc2c2cc3ccccc3cc12,3.485112,355.8,0.284099969,3,2,str_3_abs_2,3,3
mol1218,CC(C)n1c(=O)c2cc3cc4cc5c(=O)n(C(C)C)c(=O)c5cc4cc3cc2c1=O,3.641787,340.4,0.324921403,3,2,str_3_abs_2,4,3
mol1220,CNc1cc2ccccc2c2ccccc12,4.102669,302.2,0.076223042,3,3,str_3_abs_3,3,4
mol1224,CC1CC(=O)C2=C(C1)Oc1ccc3ccccc3c1N2,3.291595,376.7,0.006158102,3,3,str_3_abs_3,2,2
mol1230,COc1ccc2ccc3cccc4ccc1c2c34,3.876852,319.8,0.571990565,3,3,str_3_abs_3,4,4
mol1232,CC(C)NC(=O)c1cc2ccccc2c2cc3ccccc3cc12,3.935247,315.1,0.190256627,3,3,str_3_abs_3,3,4
mol1239,CN1CCN(/N=C\c2c3ccccc3cc3ccccc23)CC1,3.369949,367.9,0.481793612,3,3,str_3_abs_3,4,3
mol1249,Brc1ccc2cc3ccccc3cc2c1,3.756071,330.1,0.168076392,3,3,str_3_abs_3,3,4
mol1251,O=C1[Se][C@]23C1=C[C@H](c1ccccc12)c1ccccc13,4.422075,280.4,0.069346667,3,3,str_3_abs_3,3,4
mol1252,Fc1c2ccccc2nc2ccccc12,3.885115,319.1,0.177988818,3,3,str_3_abs_3,3,4
mol1254,CN1CCC1c1c[nH]c2ccccc12,5.035434,246.2,0.141211897,3,3,str_3_abs_3,3,4
mol1256,CC(=O)c1ccc(-n2c3ccccc3c3cc(-c4ccc(C(C)(C)C)cc4)ccc32)cc1,4.122424,300.8,0.009283578,3,3,str_3_abs_3,2,4
mol1261,CCc1ccc2ccc(N(C)C)cc2c1,4.182169,296.5,0.129966174,3,3,str_3_abs_3,3,4
mol1266,CCCOc1ccc(OCC)cc1-c1cn2ccccc2n1,4.326191,286.6,0.659594395,3,3,str_3_abs_3,4,4
mol1270,COc1ccc2c(ccc3cc4ccccc4cc32)c1,3.90572,317.4,0.126944068,3,3,str_3_abs_3,3,4
mol1276,COc1ccc(-c2c(C#N)c(N)nc(N)c2C#N)cc1OC,4.4086,281.2,0.341242766,3,3,str_3_abs_3,4,4
mol1282,COC(=O)[C@@H](Cc1ccc2cc3ccccc3cc2c1)NC(=O)OC(C)(C)C,3.770722,328.8,0.162400645,3,3,str_3_abs_3,3,4
mol1288,Cc1cc2cc3c(cc2n1-c1ccccc1)C(=O)N(c1ccccc1)C3=O,4.053263,305.9,0.12357298,3,3,str_3_abs_3,3,4
mol1289,CCCCCOc1ccc(/C=C/C(=O)c2c3ccccc3cc3ccccc23)cc1OC,3.48502,355.8,0.668312998,3,3,str_3_abs_3,4,3
mol1291,CCCCCCCCCCCCCOC(=O)c1c2ccccc2cc2ccccc12,3.720517,333.2,0.227592611,3,3,str_3_abs_3,3,4
mol1294,CNc1nc2ccccc2n1CCN1CCOCC1,5.016516,247.2,0.276559099,3,3,str_3_abs_3,3,4
mol1302,Nc1nc2ccccc2c2cnccc12,4.238672,292.5,0.321723591,3,4,str_3_abs_4,4,4
mol1306,COC(=O)CN(C=O)Cc1c(C)[nH]c2ccccc12,5.107643,242.7,0.119303202,3,4,str_3_abs_4,3,4
mol1307,CN(Cc1ccccc1)c1ccccc1,4.818455,257.3,0.090169681,3,4,str_3_abs_4,3,4
mol1311,C1=N/C(=C/c2ccccc2)CN1c1ccccc1,3.85586,321.5,1.228940756,3,4,str_3_abs_4,4,4
mol1312,CCc1nnc(NCc2ccccn2)s1,5.336459,232.3,0.001720594,3,4,str_3_abs_4,1,4
mol1314,CCCOCOCCOCCCC(=O)OCCO,6.080492,203.9,0.002110441,3,4,str_3_abs_4,1,4
mol1320,Cc1coc2ccc(-c3ccc(-n4c5ccccc5c5ccccc54)cc3)cc12,4.452458,278.5,0.144281967,3,4,str_3_abs_4,3,4
mol1324,COc1ccccc1-n1c(-c2ccccc2)nc2ccccc2c1=O,4.703578,263.6,0.228953322,3,4,str_3_abs_4,3,4
mol1330,FC1=CC=C2C=CC=C12,1.620017,765.3,0.000610029,3,4,str_3_abs_4,1,0
mol1336,CC1=CC(C)=[N+]2C1=C(C)c1ccc(C)n1[B-]2(F)F,3.075348,403.2,0.883755261,3,4,str_3_abs_4,4,2
mol1337,O=C1Nc2ccccc2C1=O,3.107796,398.9,9.0435e-05,3,4,str_3_abs_4,0,2
mol1344,CCCCCCCCCCCOc1cc(OCCCCC)c(OCCCCCCC)cc1C#Cc1ccc([N+](=O)[O-])cc1[N+](=O)[O-],2.967608,417.8,1.133032153,3,4,str_3_abs_4,4,1
mol1351,Oc1ccc2ccc(O)cc2c1,4.567776,271.4,0.049910447,3,4,str_3_abs_4,3,4
mol1363,CC1CCC(=C(C#N)C#N)C1,5.579261,222.2,0.651788311,3,4,str_3_abs_4,4,4
mol1365,CC(=O)NCc1cc(C2=NCCO2)ccc1O,5.078769,244.1,0.05331919,3,4,str_3_abs_4,3,4
mol1366,N#Cc1cc(N2CCCC2)c(C#N)c2c1-c1ccccc1C2=O,2.839658,436.6,0.032838733,3,4,str_3_abs_4,3,1
mol1368,COC(=O)C1=C(c2ccccc2)NC(=O)NC1c1ccccc1Cl,4.63468,267.5,0.316823002,3,4,str_3_abs_4,3,4
mol1377,CCN1C(=O)c2cccc3c(-c4ccc(S(=O)(=O)O)s4)ccc(c23)C1=O,3.849196,322.1,0.90608293,4,0,str_4_abs_0,4,4
mol1381,CCCCCCCOc1ccc(/C=C/c2cc(C)c3n2[B-](F)(F)[N+]2=CC=CC2=C3)cc1,2.604272,476.1,1.506284662,4,0,str_4_abs_0,4,0
mol1383,CCOc1ccc(/C=C/c2cc(C)c3n2[B-](F)(F)[N+]2=CC=CC2=C3)cc1OCC,2.584489,479.7,1.53845211,4,0,str_4_abs_0,4,0
mol1387,CSc1nc2c(c(=O)[nH]1)C1(CCCC1)Cc1ccccc1-2,4.373487,283.5,0.354790059,4,0,str_4_abs_0,4,4
mol1388,CCCCCCCCOc1cc(OC)c(/C=C/c2ccc(/C=C/c3ccncc3)cc2)cc1/C=C/c1ccncc1,3.319621,373.5,2.209876187,4,0,str_4_abs_0,4,2
mol1390,CCCCCCOc1c(-c2ccc(N(c3ccccc3)c3ccccc3)cc2)c2ccccc2c2nc3cc4c(cc3nc12)C(=O)c1ccccc1C4=O,3.190253,388.6,0.45192452,4,0,str_4_abs_0,4,2
mol1396,CCCCCC[N+]1=C(C=C2C(=O)C(C=C3N(CCCC)c4ccccc4C3(C)C)=C2[O-])Cc2ccccc21,2.367676,523.7,1.84366522,4,0,str_4_abs_0,4,0
mol1400,CN(C)c1ccc2c(/C=C/C=C/C=C3\N(CS(=O)(=O)O)c4ccc(S(=O)(=O)O)cc4C3(C)C)cc(=O)oc2c1,3.115708,397.9,2.228481055,4,0,str_4_abs_0,4,2
mol1406,COCCN1c2ccccc2Sc2cc(/C=C(/C#N)C(=O)O)ccc21,3.215905,385.5,0.79464115,4,0,str_4_abs_0,4,2
mol1411,CCCN1C(=O)c2ccc3cc(-c4ccc(N(c5ccccc5)c5ccccc5)cc4)c(OC)cc3c2C1=O,3.583588,346.0,0.038812854,4,0,str_4_abs_0,3,3
mol1412,CN1CCN(/N=C/c2c3ccccc3cc3ccccc23)CC1,3.374174,367.5,0.478878278,4,0,str_4_abs_0,4,3
mol1413,CCN(C)c1ccc2c3c(ccc(-c4ccc(S(C)(=O)=O)cc4)c13)C(=O)N(CCCCCC(=O)O)C2=O,3.252696,381.2,0.602104463,4,0,str_4_abs_0,4,2
mol1423,CC1=C(C#Cc2ccsc2)SC2=C(S1)SC(=C(C#N)C#N)S2,3.794349,326.8,0.690052593,4,0,str_4_abs_0,4,4
mol1425,CCc1c(C=O)c2ccccn2c1-c1cccs1,4.134417,299.9,0.382791854,4,0,str_4_abs_0,4,4
mol1428,CN(CCNc1cccc2c1C(=O)N(CCN1CCOCC1)C2=O)CCN(C)N=O,3.573607,346.9,0.002078178,4,0,str_4_abs_0,1,3
mol1431,CCN(C)c1ccc2c(-c3ccccc3C(=O)N(C)CCCC(=O)[O-])c3ccc(=[N+](CC)CC)cc-3oc2c1,2.99169,414.4,1.382388523,4,0,str_4_abs_0,4,1
mol1436,CCCCN(/N=C/c1ccc(C#Cc2ccc3c4c(cccc24)C(=O)OC3=O)cc1)c1ccccc1,3.101504,399.8,2.088949186,4,0,str_4_abs_0,4,2
mol1444,[Li][O]S(=O)(=O)c1cc(N)c2c(/N=N/c3ccccc3)cc(S(=O)(=O)[O][Li])cc2c1,2.755069,450.0,0.090904318,4,0,str_4_abs_0,3,0
mol1446,CCCCCCCCCCOc1ccc(-c2ccc3c(c2)Sc2cc(-c4ccc(OCCCCC)c5nsnc45)ccc2N3c2ccc(C(=O)O)cc2)cc1,3.508925,353.3,0.37373933,4,0,str_4_abs_0,4,3
mol1452,Cc1ccc(C2=C3C=CC=[N+]3[B-](F)(F)n3c2ccc3N2CCCC2)cc1,3.004964,412.6,1.051892624,4,0,str_4_abs_0,4,1
mol1455,COCCOCCN1C(=O)c2cccc3c(-c4ccc(N(c5ccccc5)c5ccccc5)cc4)ccc(c23)C1=O,3.594485,344.9,1.132611976,4,1,str_4_abs_1,4,3
mol1459,CCCn1cc(/C=C(\C#N)c2ccc(C=C(C#N)C(=O)O)s2)c2cc(OC)ccc21,2.704006,458.5,1.614946065,4,1,str_4_abs_1,4,0
mol1465,Oc1cc(Cl)cc(/N=N/c2cccc3ccccc23)c1O,2.902833,427.1,0.096110894,4,1,str_4_abs_1,3,1
mol1467,COc1ccc(/C=C/C2=CC(/C=C/c3ccc(OC)c(OC)c3)=[O+][B-](F)(F)O2)cc1OC,2.947092,420.7,2.385349485,4,1,str_4_abs_1,4,1
mol1473,CCCNC(=CC1=CC2=C(c3ccccc3)c3cc(/C=C/C(=O)OC(C)(C)C)cn3[B-](F)(F)[N+]2=C1)OC(C)(C)C,2.318752,534.7,0.811156606,4,1,str_4_abs_1,4,0
mol1477,CN(C)c1ccc(C2=Nc3scc(-c4ccccc4)[n+]3[B-](F)(F)O2)cc1,3.655597,339.2,1.541468349,4,1,str_4_abs_1,4,3
mol1481,COC(=O)CCC1=C2C=C(C)C=[N+]2[B-](F)(F)n2c(SC#N)ccc21,2.952415,419.9,0.875118739,4,1,str_4_abs_1,4,1
mol1486,COCCCCN1C(=O)C2=C(c3ccncc3)N(CCOCCOCCOC)C(=O)C2=C1c1ccncc1,3.026941,409.6,0.581256334,4,1,str_4_abs_1,4,1
mol1495,CC1(C)CC(=O)C2=C(C1)OC(N)=C(C#N)[C@H]2c1ccccc1Cl,4.225791,293.4,0.001078796,4,1,str_4_abs_1,1,4
mol1498,CCOc1ccc2c3c(c(OC)ccc13)C=CC=c1c3cccc(c3-2)c2ccccc12,0.67775,1829.3,0.078587444,4,1,str_4_abs_1,3,0
mol1500,COc1ccc(-c2c3ccccc3c(-c3cc(OC)cc(OC)c3)c3ccccc23)cc1,3.611078,343.3,0.417925345,4,1,str_4_abs_1,4,3
mol1503,CN(C)c1ccc2cc(C#N)c(C#N)cc2c1,3.681848,336.7,0.065416054,4,1,str_4_abs_1,3,4
mol1520,CC1=CC(C)(C)Nc2c1c(N)cc1ccccc21,3.264627,379.8,0.142455011,4,1,str_4_abs_1,3,2
mol1522,CCN(CCCCC(=O)O)c1ccc2cc(-c3ccc(C#N)cc3)c(=N)oc2c1,3.582336,346.1,1.224467498,4,1,str_4_abs_1,4,3
mol1531,CCCCCCCN(CCCCC)c1ccc(-c2ccc(-c3ccc(/C=C(\C#N)C(=O)O)s3)c3nsnc23)cc1,2.543362,487.5,1.641484943,4,1,str_4_abs_1,4,0
mol1534,CCCCCCCCCCN1C(=O)c2cccc3c(N(C)C)ccc(c23)C1=O,3.472762,357.0,0.607366208,4,1,str_4_abs_1,4,3
mol1542,CCCCCCCOc1ccc(N2c3ccccc3Sc3cc(/C=C(/C#N)C(=O)O)ccc32)cc1,3.118502,397.6,0.767340478,4,1,str_4_abs_1,4,2
mol1546,COc1cccc(C2=C3C=CC=[N+]3[B-](F)(F)n3cccc32)c1,3.098959,400.1,0.766325835,4,1,str_4_abs_1,4,2
mol1555,CCCCCCCCCCCOc1ccc(-c2c3ccccc3c(-c3ccc(/C=C(\C#N)C(=O)O)cc3)c3ccc(OCCCCCCCCC)cc23)cc1,3.395434,365.1,0.756826994,4,1,str_4_abs_1,4,3
mol1557,CN1C(=O)c2cccc3c(-c4ccc(N5CCOCC5)cc4)ccc(c23)C1=O,3.502441,354.0,0.949714663,4,2,str_4_abs_2,4,3
mol1561,C1=CC2=Nc3ccc(-c4ccc5c6ccccc6n(-c6ccc(-c7cncc(-c8ccccc8)c7)cc6)c5c4)cc3C2=C1,2.168368,571.8,0.000699523,4,2,str_4_abs_2,1,0
mol1567,CN1Cc2cc3ccc(N)cc3c(-c3ccc(-c4cccs4)s3)c2C1,3.840122,322.9,0.99079733,4,2,str_4_abs_2,4,4
mol1569,CCCCCCc1ccc2nc3ccccc3c(Nc3cccc4ccccc34)c2c1,3.333982,371.9,0.416538314,4,2,str_4_abs_2,4,2
mol1575,CCCCOc1ccc(/C=C/C2=[O+][B-](F)(F)OC(/C=C/c3ccc(OC)cc3)=C2c2ccccc2)cc1,2.939995,421.7,2.483505274,4,2,str_4_abs_2,4,1
mol1580,CC(=O)n1c(=O)c2cc3ccc4cccc5ccc2c1c3c45,2.097655,591.1,0.114369265,4,2,str_4_abs_2,3,0
mol1584,CCCCCOc1ccc2cc(-c3cc4ccc(OC)cc4oc3=O)oc2c1,3.528143,351.4,1.472593496,4,2,str_4_abs_2,4,3
mol1588,CCCC(=O)/C=C/C1=CC2=C(c3ccccc3)c3cccn3[B-](F)(F)[N+]2=C1,2.915294,425.3,1.032018236,4,2,str_4_abs_2,4,1
mol1589,Brc1cc(-c2c3ccccc3c(C3=C4C=CC=C4C=C3)c3ccccc23)c2ccccc2c1,1.806519,686.3,0.003820636,4,2,str_4_abs_2,1,0
mol1601,CCCCCCCOc1cc(-c2ccc(N(c3ccccc3)c3ccccc3)cc2)c(OC)cc1C=O,3.728974,332.5,0.845896368,4,2,str_4_abs_2,4,4
mol1623,CCCCCCCCCCCCCOc1cc(OCCCCCCCCCCCC)c(OCCCCCCCCCCCCC)cc1C#Cc1ccc(C=C(C#N)C#N)cc1,3.089966,401.2,1.862660176,4,2,str_4_abs_2,4,2
mol1628,CCCCCCCCNc1ccc(/N=N/c2ccc(C#N)cc2)cc1,2.832845,437.7,2.7829e-05,4,2,str_4_abs_2,0,1
mol1632,COc1ccc(C2N=C(N)c3cccc4cccc2c34)cc1OC,4.28242,289.5,0.310636275,4,2,str_4_abs_2,3,4
mol1636,C1=NC(c2ccc(-c3ccc(N(c4ccccc4)c4ccccc4)cc3)cc2)=N1,2.777153,446.4,0.402035358,4,2,str_4_abs_2,4,1
mol1638,CCCCN(C)c1ccc(C=C2SC(=S)N(CC(=O)O)C2=O)cc1,3.107091,399.0,1.586865711,4,2,str_4_abs_2,4,2
mol1639,COc1cc(-c2nc3c4cccnc4c4ncccc4c3n2-c2ccc(C(C)(C)C)cc2)cc(OC)c1OC,4.177852,296.8,0.202393734,4,2,str_4_abs_2,3,4
mol1644,N#CC(=O)c1nc2ccccc2o1,3.834111,323.4,0.000105961,4,2,str_4_abs_2,0,4
mol1653,F[B-]1(F)OC(c2ccc3ccccc3c2)=CC=[O+]1,3.859165,321.3,0.494368828,4,2,str_4_abs_2,4,4
mol1655,CCCCCCCCCCCCCCCOc1ccc2c(c1)C(OCCCCCCCCCCC)=CC=C1C=CC3=Nc4c5ccccc5nc5[n+]4[B-]1(Nc1ccccc1-5)N32,2.933616,422.6,0.035879939,4,3,str_4_abs_3,3,1
mol1659,CCCCCCCCCCOC(=O)c1cccc(N2N=C(c3ccccc3)CC2c2ccc3cc(Br)ccc3c2)c1,3.802669,326.0,0.797915858,4,3,str_4_abs_3,4,4
mol1660,CCCc1ccc2nc3nc(CCC)c(C)cc3cc2c1,3.980637,311.5,0.125005492,4,3,str_4_abs_3,3,4
mol1665,c1ccc2c(-c3cc4ccccc4c4ccccc34)cccc2c1,4.356318,284.6,0.003789549,4,3,str_4_abs_3,1,4
mol1667,CC1=C(c2ccccc2)c2ccccc2B2C1=Cc1ccccc1N2Cc1ccccc1,3.618659,342.6,0.711015074,4,3,str_4_abs_3,4,3
mol1673,CCCCCCCCCc1ccc(/N=N/c2ccc(OC)cc2)cc1,2.873034,431.5,0.007661113,4,3,str_4_abs_3,2,1
mol1677,COC(=O)NCCN1Cc2c(-c3ccc(Oc4ccccc4)cc3)c3cc(C(C)=O)ccn3c2C1=O,3.497381,354.5,0.635837474,4,3,str_4_abs_3,4,3
mol1683,C1=NC(c2ccc3ccccc3c2)=N1,3.042041,407.6,0.160968705,4,3,str_4_abs_3,3,1
mol1689,COC(=O)C1=CC2=C(c3ccc(F)cc3)c3c(C(=O)OC)cc(-c4ccccc4O)n3[B-](O)(F)[N+]2=C1,2.880328,430.5,0.946810909,4,3,str_4_abs_3,4,1
mol1690,O=c1[nH]c2cc(-c3nc4ccccc4[nH]3)ccc2o1,4.523031,274.1,1.140149731,4,3,str_4_abs_3,4,4
mol1697,CCCCCCCCCCCCCOc1ccc2cc(-c3ccc(OC)cc3)oc2c1,4.245791,292.0,1.402113017,4,3,str_4_abs_3,4,4
mol1704,O=C1CC(=Cc2ccccc2)C=C1c1ccccc1,3.662077,338.6,1.580034962,4,3,str_4_abs_3,4,3
mol1711,CC(=O)NCCNc1cc(Nc2ccccc2)c2ccccc2n1,4.273041,290.2,0.381352822,4,3,str_4_abs_3,4,4
mol1716,CCCCCCCCCNc1ccc(C#N)cc1,4.82142,257.2,0.137716762,4,3,str_4_abs_3,3,4
mol1718,CCCC1(CC)c2ccccc2-c2ccc(-n3c4ccc(C(F)(F)F)cc4c4cc(C(F)(F)F)ccc43)cc21,4.498579,275.6,0.157972995,4,3,str_4_abs_3,3,4
mol1719,CCCCOCCOCCOc1ccc2cc(-c3cccs3)c(=O)oc2c1,3.715329,333.7,0.978870109,4,3,str_4_abs_3,4,4
mol1721,CC1=[O+][B-]2(OC1=O)OC(=O)c1cccc(O)c12,3.970313,312.3,0.001218256,4,3,str_4_abs_3,1,4
mol1724,CCCCCCCCCCCC(=O)Nc1ccc(C(=O)/C=C/c2ccc(N(C)CCO)cc2)cc1,3.512006,353.0,1.601956311,4,3,str_4_abs_3,4,3
mol1730,CC(C)=C1CCC(C)C1C,6.73042,184.2,0.443560452,4,4,str_4_abs_4,4,4
mol1734,COc1ss/c(=N\c2ccccc2)c1Cl,3.508905,353.3,0.003850151,4,4,str_4_abs_4,1,3
mol1735,CCCN(C)c1ccc(C#N)cc1,4.756368,260.7,0.178568195,4,4,str_4_abs_4,3,4
mol1739,COCN(COC(N)=O)C(=N)N,7.263339,170.7,0.058673799,4,4,str_4_abs_4,3,4
mol1740,CO[B-]1(F)n2cccc2-c2cccc(-c3ccccc3)[n+]21,3.82588,324.1,0.588268981,4,4,str_4_abs_4,4,4
mol1742,CC1(C)CCc2c1ccc1ccc(O)cc21,4.51466,274.6,0.049238693,4,4,str_4_abs_4,3,4
mol1748,O=c1cc(-c2cccs2)cc(O)o1,4.099726,302.4,0.31598944,4,4,str_4_abs_4,3,4
mol1752,OC(O)CNc1ccc(/C=C/c2ccccn2)cc1,3.800345,326.2,1.5583802,4,4,str_4_abs_4,4,4
mol1758,O=[N+]([O-])c1ccc(C#Cc2ccc3cc(OCCCCO)ccc3c2)cc1,3.691718,335.8,1.79982147,4,4,str_4_abs_4,4,4
mol1761,CCCCCN1C(=O)c2c(n(CC)c3nc4ccccc4nc23)C1=O,3.380489,366.8,0.10378656,4,4,str_4_abs_4,3,3
mol1763,COCOc1cc(-c2nc3cc(Cl)ccc3nc2-c2ccccc2)cc(OC)c1OC,3.937432,314.9,0.027392546,4,4,str_4_abs_4,2,4
mol1764,CCCC(CNC(=O)OC(C)(C)C)C(=O)NCc1ccccc1,5.531739,224.1,0.000521301,4,4,str_4_abs_4,0,4
mol1775,CCN(C)CC,6.85844,180.8,0.033741061,4,4,str_4_abs_4,3,4
mol1780,CCCCCCCCCCCCCCOc1cc(NC(=O)c2ccc3[nH]c4ccccc4c(=O)c3c2)cc(OCCCCCCCCCC)c1,3.992959,310.5,0.174054149,4,4,str_4_abs_4,3,4
mol1785,COC(=O)c1ccc(C)cc1,5.236681,236.8,0.014326134,4,4,str_4_abs_4,2,4
mol1787,CCCCCc1ccc(CCC)c2c1[C@@H](CCCCC)CC(=O)N2,5.145753,240.9,0.027908853,4,4,str_4_abs_4,2,4
mol1793,C(#Cc1ccncc1)C1=C2C=CC=C2C=C1,1.670407,742.2,0.010176628,4,4,str_4_abs_4,2,0
mol1795,O=C1C=c2c(c3c(c4ccccc24)=CC=C3)O1,2.28821,541.8,0.040712423,4,4,str_4_abs_4,3,0
mol1803,CNC1=NC2C(=O)c3cc(Cl)c4nc(-c5ccc(Br)cc5)[nH]c4c3C(=O)C2C=C1,3.88575,319.1,0.275936507,4,4,str_4_abs_4,3,4
