partition,mol,smiles,strength,absorption,E_S1_eV,E_T1_eV,E_ST_eV,f_osc_S1
partition_0,mol0017,CC1=N/C(=N\c2ccc(N3c4ccccc4Sc4ccccc43)cc2)c2ccccc21,0,0,2.8945,1.8092,1.0853,2.135939
partition_0,mol0028,CCCCCC1(C)c2cc(-c3ccc(C=C(C#N)C(=O)O)cc3)ccc2-c2ccc(N3c4ccccc4C(C)(C)c4ccccc43)cc21,0,0,3.6607,2.7515,0.9092,2.180253
partition_0,mol0050,O=c1oc2cc3c(cc2c2c1oc1cc(N4c5ccccc5Sc5ccccc54)ccc12)oc1cc(N2c4ccccc4Sc4ccccc42)ccc13,0,0,3.3439,2.5506,0.7933,1.873326
partition_0,mol0054,O=[N+]([O-])C(=CNc1ccc(/N=N/c2ccccc2)cc1)[N+](=O)[O-],0,0,1.583,1.4901,0.0929,0.072181
partition_0,mol0064,O=Cc1ccc2c(c1)C(=O)c1cc(N3CCCCC3)ccc1-2,0,1,1.9716,1.5284,0.4432,0.146227
partition_0,mol0071,CCC1(C)c2cc(C#Cc3ccc(/C=C(\C)c4ccccc4)cc3)ccc2-c2ccc(C#Cc3ccc(/C=C(\C)c4ccccc4)cc3)cc21,0,1,3.7732,3.2524,0.5208,5.211871
partition_0,mol0085,CC1(C)CCN2CCC(C)(C)c3cc(-c4ccc(C=C(C#N)C(=O)O)s4)cc1c32,0,1,2.8196,1.66,1.1596,2.295812
partition_0,mol0102,CCCCCn1c2c(c3cc(C#Cc4ccc5ccc6cccc7ccc4c5c67)ccc31)C(C)(CCC)c1ccccc1-2,0,1,3.5408,2.5941,0.9467,1.853305
partition_0,mol0127,CCCC1(C)c2cc(C#Cc3ccc4ccc5cccc6ccc3c4c56)ccc2-c2ccc(C#Cc3ccc4ccc5cccc6ccc3c4c56)cc21,0,1,3.403,2.606,0.797,4.411012
partition_0,mol0139,C1=CC2=CN(c3cccc4ccccc34)C2=C1,0,1,1.0626,0.6211,0.4415,0.040423
partition_0,mol0145,O=c1cc2ccc3cccc4ccc1c2c34,0,2,1.3725,0.6846,0.6879,0.068085
partition_0,mol0146,N#Cc1cc2cccc3c(N)ccc4ccc1c-2c43,0,2,1.5343,1.1075,0.4268,0.08748
partition_0,mol0169,CC(=O)N/N=C/c1ccc([N+](=O)[O-])cc1,0,2,3.8048,2.7509,1.0539,1.16746
partition_0,mol0186,CC1(C)c2ccccc2N(c2ccc3c4c(oc3c2)=CC(=O)C2=CC=CC=42)c2ccccc21,0,2,1.2458,0.9389,0.3069,0.032536
partition_0,mol0210,C1=CC2=CN(c3ccc(-c4nnc(-c5ccccc5)o4)cc3)C2=C1,0,2,1.065,0.612,0.453,0.049191
partition_0,mol0218,C1=CC2=Nc3ccccc3C2=C1,0,2,1.0925,0.6989,0.3936,0.001333
partition_0,mol0240,CCCCCCCCCCCCOc1cc(C#Cc2ccc([N+](=O)[O-])cc2)c(OCCCCCCCCC)cc1C#Cc1ccc([N+](=O)[O-])cc1,0,3,3.1891,2.5729,0.6162,2.38564
partition_0,mol0253,CCCCCC(=O)c1cc2ccc1CCCC2,0,3,1.9752,0.9339,1.0413,0.087593
partition_0,mol0303,CCCCCCCCCCCCCOc1ccc(/N=N/c2ccc([N+](=O)[O-])cc2)cc1,0,3,1.6735,1.6487,0.0248,0.033944
partition_0,mol0327,CC(=O)c1ccc2c(c1)C(C)(C)c1cc(N3CCCCC3)ccc1-2,0,3,3.5012,2.6796,0.8216,1.235388
partition_0,mol0367,CCCCn1c2ccccc2c2cc(C#Cc3cc(C#Cc4ccc5c(c4)c4ccccc4n5CC(C)C)nc(C#N)n3)ccc21,0,4,3.8025,3.2861,0.5164,2.392298
partition_0,mol0386,Nc1nc(Nc2cccc3ccccc23)nc(Nc2cccc3ccccc23)n1,0,4,3.7672,2.9698,0.7974,0.964316
partition_0,mol0436,CCCCCCCCCCCCCOC1=CC=c2c1ccc1c3c(ccc21)C=CC=3,0,4,1.9865,0.9915,0.995,0.259154
partition_0,mol0454,CC1=N/C(=C\c2ccc(N3CCOCC3)cc2)C(=O)N1,1,0,3.2114,1.8641,1.3473,1.686323
partition_0,mol0455,CC1(C)CC=C(/C=C/C(N)=C/C=C2C=Nc3ccccc3C2(C)C)C1,1,0,3.023,1.596,1.427,2.808126
partition_0,mol0456,CN(C)c1ccc(C#Cc2cc(C#N)c3ccc4c(C#Cc5ccc(N(C)C)cc5)cc(C#Cc5ccc(N(C)C)cc5)c5ccc2c3c45)cc1,1,0,2.8744,2.1565,0.7179,2.995023
partition_0,mol0476,CCCC1=Cc2nc1cc(NC(C)=O)c1nc(ccc3[nH]c2cc3CCC)C(C)=C1,1,0,1.6885,1.466,0.2225,0.054048
partition_0,mol0478,CCCCCC1(C)c2cc(C=Cc3ccc(C#N)cc3)ccc2-c2ccc(C=Cc3ccc(C#N)cc3)cc21,1,0,3.4814,2.7518,0.7296,3.802577
partition_0,mol0479,CN(C)c1ccc(C2=CC(=O)C=CC2=O)cc1,1,0,1.8021,0.9581,0.844,0.348909
partition_0,mol0491,CCCC1=Cc2nc1ccc1[nH]c(cc1CCC)c1nc(ccc3[nH]c2c(-c2cccc(OC)c2)c3-c2cccc(OC)c2)C(C)=C1,1,0,2.1396,1.5332,0.6064,0.301585
partition_0,mol0496,CC1=c2c(cc3cccc4ccc(N5CCCC5)c2c43)C=C1,1,0,1.5114,0.892,0.6194,0.10971
partition_0,mol0509,O=c1cc(O)c(=O)c1=O,1,1,1.283,1.283,0.0,1e-06
partition_0,mol0530,C1=Cc2cc(N3c4ccccc4Oc4ccccc43)c3c4c(ccc1c24)C=C3,1,1,1.4733,1.0975,0.3758,0.126305
partition_0,mol0555,CCCCCOc1cc(OCCC)ccc1-n1cc(-c2ccc(C=C(C#N)C(=O)O)cc2)nn1,1,2,3.6961,2.6964,0.9997,1.893807
partition_0,mol0557,CCCCCCCCCCCCCCCOc1ccccc1N1c2ccccc2Sc2cc(/C=C(\C#N)C(=O)O)ccc21,1,2,2.2932,1.5234,0.7698,0.687036
partition_0,mol0576,C1=NC(c2cn(-c3ccccc3)nc2-c2ccccc2)=C1,1,2,1.7962,1.0499,0.7463,0.096721
partition_0,mol0743,CCCCCCCC1(CCCCC)c2cc(C#Cc3cccc(C#N)c3)ccc2-c2ccc(C#Cc3cccc(C#N)c3)cc21,1,4,3.9076,3.2595,0.6481,3.368868
partition_0,mol0756,CCN(C)c1ccc2c(=O)c3ccc(N(CC)CC)cc3oc2c1,1,4,3.7292,3.0186,0.7106,0.938507
partition_0,mol0776,CC1=CC(=O)C(c2ccc(N(C)C)cc2)=CC1=O,2,0,1.8336,1.0172,0.8164,0.326143
partition_0,mol0784,CC1=Cc2nc1c1ccc([nH]1)c(-c1ccc(N)cc1)c1nc(c(-c3ccc(N)cc3)c3ccc([nH]3)c3ccccc23)C=C1,2,0,2.0893,1.145,0.9443,0.542565
partition_0,mol0791,CC1N=C2CCC(C#Cc3ccc(/C=C(\C#N)C(=O)O)cc3)=C21,2,0,3.6848,2.6188,1.066,2.398509
partition_0,mol0794,CCCC1=Cc2nc1c(NC(=O)O)cc1[nH]c(cc1CCC)c1nc(ccc3[nH]c2cc3CCC)C(C)=C1,2,0,2.1094,1.5738,0.5356,0.26324
partition_0,mol0795,CC1=CC2=CC=C3C=CC=C(N3)C3=NC(=C(c4ccc(C)cc4)C1=N2)C=C3,2,0,1.8357,1.2979,0.5378,0.106841
partition_0,mol0818,Cc1ccc(Sc2cc3sc4cc5[nH]c6c7ccccc7c(=O)c7ccccc7c6sc5c(C)c4[nH]c3c3c(=O)c4ccccc4c(=O)c23)cc1,2,0,2.0994,0.8939,1.2055,1.354308
partition_0,mol0822,CCCc1cc2ccc1[nH]c1ccc3nc(c4cc(CCC)c(ccc5nc(c2[nH]1)C=C5CCO)[nH]4)C=C3C,2,0,1.7763,0.5604,1.2159,0.105573
partition_0,mol0829,CN(c1ccccc1)c1ccc(/C=C(\C#N)c2ccccc2)cc1,2,0,3.2773,2.3262,0.9511,1.765644
partition_0,mol0836,CC1=C2C(=C1)c1ccccc1C(=O)c1cc2c2cc3cc4ccccc4cc3cc2c1,2,0,1.1939,0.4484,0.7455,0.103169
partition_0,mol0848,N#Cc1cc(N2C=C3C=CC=C32)c(-n2c3ccccc3c3ccccc32)cc1C#N,2,1,1.2453,0.8442,0.4011,0.029124
partition_0,mol0871,O=c1c2cccc3c4ccc5cccc(c54)c(c23)n1-c1ccccc1,2,1,1.8759,1.2109,0.665,0.1288
partition_0,mol0887,C1=CC(n2c3ccccc3c3cc(-c4ccc(-n5c6ccccc6c6ccccc65)cc4)ccc32)=C1,2,2,1.6295,0.8499,0.7796,0.054803
partition_0,mol0898,C1=Cc2cc(N(c3ccccc3)c3ccccc3)c3c4c(ccc1c24)C=C3,2,2,1.4701,1.1214,0.3487,0.044194
partition_0,mol0914,Cc1cc2ccc3cccc4cc5cnccc5c1-c2c34,2,3,1.1589,0.8806,0.2783,0.019149
partition_1,mol0924,CCCCCCCCCOc1cc(OCCCC)c(C#Cc2ccc(N(C)C)cc2)cc1C#Cc1ccc(C(=O)O)cc1,2,3,3.842,3.1654,0.6766,1.966697
partition_1,mol0930,C1=NC(c2ccc(N(c3ccccc3)c3ccccc3)cc2)=C1,2,3,1.7975,0.9773,0.8202,0.185649
partition_1,mol0954,CCCCCCCCCN1C(=CC2=C([O-])C(=CC3=[N+](CCCCCC)c4ccccc4C3(C)C)C2=O)C(C)(C)c2cc(C(=O)O)ccc21,2,4,2.3478,1.0018,1.346,3.228356
partition_1,mol1002,CC1=Cc2cc3ccccc3cc2N2CCCC(C=Cc3ccc4cc5ccccc5cc4c3)=C12,3,0,2.5368,1.5744,0.9624,1.763562
partition_1,mol1004,COCCC1=Cc2nc1ccc1[nH]c(c3nc(ccc4[nH]c2cc4CCOC)C(CCOC)=C3)c(CCOC)c1C=O,3,0,2.1333,1.4566,0.6767,0.273504
partition_1,mol1010,CCc1c2cc3ccccc3cc2c(C#Cc2ccccc2)c2cc3ccccc3cc12,3,0,2.227,1.1301,1.0969,0.523707
partition_1,mol1019,CNc1cc2oc3ccccc3[nH]c2c2c(=O)c3ccccc3c(=O)c12,3,0,2.1033,0.9418,1.1615,0.650067
partition_1,mol1022,Cc1c2cc3ccccc3cc2c(C#C[Si](C(C)C)(C(C)C)C(C)C)c2cc3ccccc3cc12,3,0,2.2059,1.1139,1.092,0.352667
partition_1,mol1025,Cc1cc(C)c(C2=C3C=CC=[N+]3[B-](F)(F)n3c2c2cc4ccccc4cc2c3-c2ccc[nH]2)c(C)c1,3,0,2.5688,1.4238,1.145,1.140578
partition_1,mol1040,F[B-]1(F)n2c(-c3ccccc3)cc(-c3ccccc3)c2N=C2C(c3ccccc3)=CC(c3ccccc3)=[N+]21,3,0,2.4337,1.148,1.2857,1.24098
partition_1,mol1050,CCCC1=Cc2nc1ccc1[nH]c(cc3nc(c(C)c4ccc2[nH]4)C=C3CC)c(CN(C)C)c1CCC,3,0,1.1816,0.9086,0.273,0.055088
partition_1,mol1054,CSc1ccc(C#Cc2cc(C#N)c3ccc4c(C#Cc5ccc(SC)cc5)cc(C#Cc5ccc(SC)cc5)c5ccc2c3c45)cc1,3,0,3.0356,2.247,0.7886,2.628306
partition_1,mol1063,CCOCCc1cc2[nH]c1ccc1nc(c3cc(CCOC)c(ccc4nc2C=C4CCOC)[nH]3)C=C1CCOC,3,0,1.7992,1.3521,0.4471,0.132022
partition_1,mol1081,CCn1c(C)cc(/C=C(/C#N)c2ccc(C=C(C(=O)O)C(=O)O)s2)c1C,3,1,2.6793,1.6712,1.0081,1.148241
partition_1,mol1090,CCCCCCCOc1cc(OCCCC)c(N(CC)CC)cc1C1=C(c2cccnc2)C(=O)N(C)C1=O,3,1,1.5096,0.9543,0.5553,0.177479
partition_1,mol1101,CCCCn1c2ccc(/C=N\c3ccc(C(=O)O)cc3)cc2c2cc(/C=C(\C#N)c3ccc(/C=N/c4ccc(C(=O)O)cc4)s3)ccc21,3,1,2.9208,2.1512,0.7696,2.189435
partition_1,mol1113,N#Cc1nc2ccc1ccc1c3c(c2)C=CC=3C=1,3,1,1.2055,0.926,0.2795,0.020935
partition_1,mol1122,CCCCCCC[N+]1=C(/C=C2/C(=O)C(O)=C2[O-])C(C)(C)c2cc(C(=O)O)ccc21,3,1,2.6808,0.9996,1.6812,1.445131
partition_1,mol1141,CN1C(=O)C(c2ccccc2)=C1/C(=C/c1cn(-c2ccccc2)nc1-c1ccc(F)cc1)c1ccccc1,3,1,2.0227,1.4138,0.6089,0.281153
partition_1,mol1170,COc1ccc2c1c(C)c1cccc3cnc2n31,3,2,1.083,0.5632,0.5198,0.061476
partition_1,mol1190,C1=CC2=Nc3cc(-c4ccc(-c5cc(-c6ccccc6)cc(-c6ccccc6)n5)cc4)ccc3C2=C1,3,2,1.1314,0.7471,0.3843,0.008241
partition_1,mol1267,CC1(C)c2ccccc2-c2ccc(-c3nc(-c4ccccc4)c(-c4ccccc4)[nH]3)cc21,3,3,3.839,3.1166,0.7224,1.681454
partition_1,mol1311,C1=N/C(=C/c2ccccc2)CN1c1ccccc1,3,4,3.5282,2.4488,1.0794,1.372963
partition_1,mol1347,O=C1CCN1c1ccc(-c2nn(-c3ccccc3)c(=O)o2)cc1,3,4,3.9424,3.0759,0.8665,1.572784
partition_1,mol1349,COC1=C2OC(=O)C=C2C=C1,3,4,1.1607,0.5566,0.6041,0.024188
partition_1,mol1379,CN(C)c1ccc(/C=N/C(C#N)=C/N=C/c2ccc(C#N)cc2)cc1,4,0,3.0433,1.841,1.2023,3.593663
partition_1,mol1385,CCCCCc1cc(/C=C(\C#N)C(=O)O)sc1/C=C/c1ccc(N(c2ccccc2)c2ccccc2)cc1,4,0,2.744,1.7424,1.0016,3.073226
partition_1,mol1386,CNc1ncnc2oc(/C=C/c3ccc(OC)cc3)cc12,4,0,3.6347,2.5149,1.1198,2.15733
partition_1,mol1388,CCCCCCCCOc1cc(OC)c(/C=C/c2ccc(/C=C/c3ccncc3)cc2)cc1/C=C/c1ccncc1,4,0,3.2734,2.639,0.6344,2.023373
partition_1,mol1391,COC(=O)/C=C/C1=CC2=C(c3ccccc3)c3cc(/C=C/C(=O)OC)cn3[B-](F)(F)[N+]2=C1,4,0,2.65,1.5704,1.0796,1.001362
partition_1,mol1392,F[B-]1(F)n2c(c(-c3ccccc3)c(-c3ccccc3)c2-c2ccccc2)N=C2C=C(c3ccccc3)C(c3ccccc3)=[N+]21,4,0,2.4265,1.1328,1.2937,1.166781
partition_1,mol1395,C[Si](C)(C)c1ccc(-c2ccc(-c3ccc(-c4ccc(/C=C(\C#N)C(=O)O)s4)s3)s2)s1,4,0,2.7218,1.7636,0.9582,3.410799
partition_1,mol1396,CCCCCC[N+]1=C(C=C2C(=O)C(C=C3N(CCCC)c4ccccc4C3(C)C)=C2[O-])Cc2ccccc21,4,0,2.3356,0.9552,1.3804,2.509559
partition_1,mol1397,CCN1/C(=C\C2=C([O-])C(C)/C2=C/C2=[N+](CC)c3ccccc3C2(C)C)C(C)(C)c2ccccc21,4,0,2.4366,1.5665,0.8701,0.806418
partition_1,mol1399,CN(C)c1ccc(/C=C/C=C(C#N)/C=C/c2ccc(N(C)C)cc2)cc1,4,0,2.9674,1.8285,1.1389,4.148152
partition_1,mol1400,CN(C)c1ccc2c(/C=C/C=C/C=C3\N(CS(=O)(=O)O)c4ccc(S(=O)(=O)O)cc4C3(C)C)cc(=O)oc2c1,4,0,2.9013,1.9375,0.9638,2.371394
partition_1,mol1401,CCCCCCCNc1cc(Cl)c(/N=N/c2ccc([N+](=O)[O-])cc2C#N)c(Cl)c1,4,0,1.364,1.2667,0.0973,0.063615
partition_1,mol1402,CCCCC(CC)CN1C(=O)C(C#N)=C(c2sc(-c3ccc4c(c3)Sc3cc(C=C(C#N)C(=O)O)ccc3N4C)cc2C)C1=O,4,0,2.2409,1.4169,0.824,1.617581
partition_1,mol1409,CCCOc1ccc(-c2ccc3c(c2)Sc2cc(C=C(C#N)C(=O)O)ccc2N3CC)cc1,4,0,2.3493,1.6165,0.7328,0.655656
partition_1,mol1414,CCCCCCCCCCCOc1cc(C2=C3C(=O)NC(c4ccc(OCCCCCCCCCCC)c(OCCCCCCCCCCC)c4)=C3C(=O)N2)ccc1OCCCCCCC,4,0,2.6426,1.4408,1.2018,1.128502
partition_1,mol1416,CCCCCCCN(C)c1ccc(/C=C(\C#N)c2ccc(/C=C3\SC(=S)N(CC(=O)O)C3=O)s2)cc1,4,0,2.7079,1.6672,1.0407,3.357656
partition_1,mol1417,CCCCCCN1C(=CC2=C([O-])C(=CC3=[N+](CCCCC)c4ccc(C(=O)O)cc4C3(C)C)C2=O)C(C)(C)c2ccccc21,4,0,2.3671,1.0233,1.3438,3.045469
partition_1,mol1419,CCCCCCCCCCCCN(CCCCCCC)c1ccc(/C=C/c2cc[n+](CCCS(=O)(=O)[O-])cc2)cc1,4,0,3.0723,1.9051,1.1672,2.341488
partition_1,mol1420,CC1=[N+]2C(=Nc3c(-c4ccccc4)cc(-c4cccs4)n3[B-]2(F)F)C=C1c1cccs1,4,0,2.2295,1.0586,1.1709,0.745396
partition_1,mol1432,O=[N+]([O-])c1ccc(/C=C/c2ccc(/C=C/c3ccc(/C=C/c4ccc([N+](=O)[O-])cc4)cc3)cc2)cc1,4,0,3.1468,2.4695,0.6773,4.880934
partition_1,mol1435,COc1cc2sc3cc(Cl)ccc3[nH]c2c2c(=O)c3ccccc3c(=O)c12,4,0,2.1151,0.9458,1.1693,0.77181
partition_1,mol1436,CCCCN(/N=C/c1ccc(C#Cc2ccc3c4c(cccc24)C(=O)OC3=O)cc1)c1ccccc1,4,0,2.9897,2.2232,0.7665,2.771466
partition_1,mol1437,CCCCCOc1ccc(-c2cnc(-c3ccc(-c4ccc(C=C(C#N)C(=O)O)s4)s3)s2)cc1,4,0,2.8313,1.856,0.9753,3.238349
partition_1,mol1446,CCCCCCCCCCOc1ccc(-c2ccc3c(c2)Sc2cc(-c4ccc(OCCCCC)c5nsnc45)ccc2N3c2ccc(C(=O)O)cc2)cc1,4,0,3.5512,2.6724,0.8788,1.135938
partition_1,mol1447,CN(c1ccccc1)c1ccc(/C(=C2\C=CC(=O)C(/C=C/c3ccc(N(c4ccccc4)c4ccccc4)cc3)=C2)c2ccccc2)cc1,4,0,2.0546,1.4358,0.6188,0.075106
partition_1,mol1448,F[B-]1(F)n2c(cc3c4ccccc4c4ccccc4c32)C(c2ccccc2)=C2C=CC(c3ccccc3)=[N+]21,4,0,2.5999,1.506,1.0939,1.233391
partition_1,mol1450,CCC[B-]1(OC(C)=O)OC(/C=C/c2ccc3cc(OC)ccc3c2)=CC(/C=C/c2ccc3cc(OC)ccc3c2)=[O+]1,4,0,2.9491,2.15,0.7991,3.180635
partition_1,mol1453,CCCCCCCn1c2ccc(-c3ccc(/C=C(/C#N)C(=O)O)o3)cc2c2cc3c(cc21)c1ccccc1n3CCC,4,0,3.0119,1.9351,1.0768,2.339177
partition_1,mol1454,Clc1ccc(/C=N/c2ccc(/N=N/c3ccccc3)cc2)s1,4,0,1.4935,1.4236,0.0699,0.066018
partition_1,mol1458,CCn1c(-c2ccc(-c3nnc(-c4ccc(-c5cc6ccccc6c6ccccc56)s4)o3)s2)cc2ccccc21,4,1,3.2052,2.5182,0.687,2.033198
partition_1,mol1462,CCCCCCCCCN(C)c1ccc(S(=O)(=O)O)cc1NC(=O)c1cc(/N=N/c2ccc(O)cc2Cl)c2ccccc2c1O,4,1,1.9889,1.6862,0.3027,0.103149
partition_1,mol1467,COc1ccc(/C=C/C2=CC(/C=C/c3ccc(OC)c(OC)c3)=[O+][B-](F)(F)O2)cc1OC,4,1,2.7532,1.9388,0.8144,2.713986
partition_1,mol1486,COCCCCN1C(=O)C2=C(c3ccncc3)N(CCOCCOCCOC)C(=O)C2=C1c1ccncc1,4,1,2.5123,1.2833,1.229,0.457442
partition_1,mol1487,CN(C)c1ccc(/C=C/c2nc3c4ccccc4c4ccccc4c3[nH]2)cc1,4,1,3.4031,2.5064,0.8967,2.20781
partition_1,mol1490,CN(C)c1ccc(/C=C/c2nc3ccccc3s2)cc1,4,1,3.3489,2.3189,1.03,2.091864
partition_1,mol1494,CCCCCCCCCNc1ccc(/N=N/c2ccc(C#N)cc2)cc1,4,1,1.6853,1.6899,-0.0046,0.043446
partition_1,mol1509,CN(C)c1ccc(/C=C2\CC/C(=C\c3ccc(N(C)C)cc3)C2=O)cc1,4,1,3.1238,2.3296,0.7942,2.544277
partition_1,mol1513,CCN(CC)c1ccc(/C=C/c2ccc3nc(/C=C/c4ccc(N(C)C)cc4)oc3c2)cc1,4,1,3.1254,2.3344,0.791,3.388921
partition_1,mol1514,CCCCCCCCCCN(C)c1ccc(S(=O)(=O)O)cc1NC(=O)c1cc(/N=N/c2c(Cl)cccc2Cl)c2ccccc2c1O,4,1,1.3997,1.2532,0.1465,0.080112
partition_1,mol1516,F[B-]1(F)n2c(c3ccccc3c2-c2ccccc2)C(c2ccccc2)=C2c3ccccc3C(c3ccccc3)=[N+]21,4,1,2.4038,1.086,1.3178,1.677379
partition_1,mol1518,CCCCCCCCCCN(C)c1ccc(S(=O)(=O)O)cc1NC(=O)c1cc(/N=N/c2ccccc2Cl)c2ccccc2c1O,4,1,1.5993,1.2984,0.3009,0.131837
partition_1,mol1519,COC(=O)/C=C/C1=CC2=C(c3ccc(OC)cc3)c3cc(/C=C/C(=O)OC(C)(C)C)cn3[B-](F)(F)[N+]2=C1,4,1,2.6478,1.6528,0.995,1.003825
partition_1,mol1531,CCCCCCCN(CCCCC)c1ccc(-c2ccc(-c3ccc(/C=C(\C#N)C(=O)O)s3)c3nsnc23)cc1,4,1,2.7279,1.8001,0.9278,2.967654
partition_1,mol1537,COc1cccc(OCCCCCN2c3ccccc3Sc3cc(-c4ccc(C=C(C#N)C(=O)O)s4)ccc32)c1,4,1,2.5836,1.7785,0.8051,1.327796
partition_1,mol1542,CCCCCCCOc1ccc(N2c3ccccc3Sc3cc(/C=C(/C#N)C(=O)O)ccc32)cc1,4,1,2.3317,1.5353,0.7964,0.685122
partition_1,mol1544,CCCN(c1ccccc1)c1ccc(C=C(C#N)C(=O)O)cc1,4,1,3.2287,2.0339,1.1948,1.646792
partition_1,mol1551,CCCCCCCCCN(C)/N=C/c1cc(/N=N/c2cccc(Br)c2)ccc1O,4,1,1.4471,1.4414,0.0057,0.019057
partition_1,mol1558,CN(C)c1ccc(/C=C/c2cc(/C=C/c3ccc(N(C)C)cc3)nc(/C=C/c3ccc(N(C)C)cc3)n2)cc1,4,2,3.3379,2.5277,0.8102,2.443114
partition_1,mol1559,O=Cc1ccc(-c2ccc(-c3nc4cc5sc(-c6cccs6)nc5cc4s3)s2)s1,4,2,3.1212,2.2499,0.8713,3.054554
partition_1,mol1562,CCCCCCC1(CCCC)c2cc(C#Cc3ccc(N(c4ccccc4)c4ccccc4)cc3)ccc2-c2ccc(C=O)cc21,4,2,3.6151,3.0954,0.5197,2.633927
partition_1,mol1568,c1ccc(-c2ccc(-c3ccccc3)o2)cc1,4,2,3.8556,2.8229,1.0327,1.302645
partition_1,mol1575,CCCCOc1ccc(/C=C/C2=[O+][B-](F)(F)OC(/C=C/c3ccc(OC)cc3)=C2c2ccccc2)cc1,4,2,2.8456,1.9503,0.8953,3.161162
partition_1,mol1578,COc1ccc(/N=N/c2cc(C(N)=O)c(O)c3ccccc23)cc1,4,2,1.8608,1.6113,0.2495,0.106096
partition_1,mol1587,CN(C)c1ccc(C2=Nc3sc4ccccc4[n+]3[B-](F)(F)O2)cc1,4,2,3.3193,2.4179,0.9014,1.887335
partition_1,mol1594,O=S(=O)(O)c1ccc(/N=N/c2ccc(O)c3ncccc23)cc1,4,2,1.3705,1.3017,0.0688,0.039176
partition_1,mol1596,CN(C)c1ccc(/C=C/c2nc(N)c3c([n+]2[O-])CCCC3)cc1,4,2,2.4532,1.5535,0.8997,0.641124
partition_1,mol1597,CN(C)c1ccc(/C=C/c2nc3ccccc3o2)cc1,4,2,3.4214,2.3517,1.0697,2.17095
partition_1,mol1602,CCCCCCCCCCCCCOc1cc(/C=N/c2ccc(/N=N/c3ccccc3)cc2)c(OCCCCCCCCCCC)cc1Br,4,2,1.4818,1.4355,0.0463,0.056982
partition_1,mol1603,Nc1nc(N)n2nc3ccccc3cc12,4,2,1.6751,0.8569,0.8182,0.129873
partition_1,mol1609,C1=NC(c2ccc(-c3ccc(-c4nc(-c5ccccc5)c(-c5ccccc5)[nH]4)s3)s2)=N1,4,2,1.7355,0.9675,0.768,0.193534
partition_1,mol1622,CCCCCCCCCCCCNc1ccc(/N=N/c2ccc(C#N)cc2)cc1,4,2,1.3583,1.3521,0.0062,0.046064
partition_1,mol1627,CCCCCCCCCOc1cc2cc(-c3ccc(C(=O)OCC)cc3)sc2cc1C#Cc1ccc(C(=O)OCC)cc1,4,2,3.5501,2.9355,0.6146,1.167132
partition_1,mol1636,C1=NC(c2ccc(-c3ccc(N(c4ccccc4)c4ccccc4)cc3)cc2)=N1,4,2,2.0904,1.4291,0.6613,0.218534
partition_1,mol1650,CN(C)c1ccc(/C=C/c2ccnc(/C=C/c3ccc(N(C)C)cc3)c2)cc1,4,2,3.3679,2.5148,0.8531,3.009351
partition_1,mol1671,C1=CC2=Nc3ccc(-c4ccc(-c5nc6ccccc6n5-c5ccccc5)s4)cc3C2=C1,4,3,1.0888,0.7226,0.3662,0.004312
partition_1,mol1688,CN(C)c1ccc(-c2nc3ccccc3[nH]2)cc1,4,3,3.9405,3.0234,0.9171,1.303772
partition_1,mol1705,COc1ccc(-c2nc3c4cccnc4c4ncccc4c3nc2OC)cc1,4,3,3.7411,3.0598,0.6813,0.830222
partition_1,mol1727,COC(=O)c1nc(-c2ccccc2)oc1-c1ccccc1,4,3,3.9261,2.9425,0.9836,1.065373
partition_1,mol1736,CCCCCCCC1(CCCCCCC)c2ccccc2-c2ccc(C#Cc3ccc4c(c3)C(CCC)(CCCCC)c3ccccc3-4)cc21,4,4,3.9733,3.3014,0.6719,2.786118
partition_1,mol1750,[CH]1Nc2cc3ccccc3cc2[C@H]2C=C[C@H]12,4,4,1.9817,1.9817,0.0,0.045331
partition_1,mol1752,OC(O)CNc1ccc(/C=C/c2ccccn2)cc1,4,4,3.7697,2.7069,1.0628,1.706894
partition_1,mol1792,COc1ccc2cc(/C=C/c3ccc([N+](=O)[O-])cc3)ccc2c1,4,4,3.4179,2.5263,0.8916,1.912396
