mol,smiles,E_S1(eV),wl_S1(nm),osc_S1,E_S2(eV),wl_S2(nm),osc_S2,E_S3(eV),wl_S3(nm),osc_S3,E_T1(eV),E_T2(eV),E(S1-T1)(eV),E_S1_SOC(eV),wl_S1_SOC(nm),osc_S1_SOC,E_S2_SOC(eV),wl_S2_SOC(nm),osc_S2_SOC,E_S3_SOC(eV),wl_S3_SOC(nm),osc_S3_SOC,HOMO(eV),LUMO(eV),Gap(eV)
mol0017,CC1=N/C(=N\c2ccc(N3c4ccccc4Sc4ccccc43)cc2)c2ccccc21,3.252234,381.2,1.365719765,3.81689,324.8,0.165561537,4.049884,306.1,0.027782177,2.157,3.103,1.1,3.252233,381.2,1.365684475,3.816892,324.8,0.165560862,4.049885,306.1,0.027782006,-7.3765,-0.877,6.5
mol0028,CCCCCC1(C)c2cc(-c3ccc(C=C(C#N)C(=O)O)cc3)ccc2-c2ccc(N3c4ccccc4C(C)(C)c4ccccc43)cc21,3.659176,338.8,2.085913426,4.400443,281.8,0.000668457,4.624121,268.1,0.168603768,2.549,3.251,1.11,3.659176,338.8,2.085913411,4.400443,281.8,0.000668457,4.624121,268.1,0.168603767,-7.2962,-1.1134,6.18
mol0050,O=c1oc2cc3c(cc2c2c1oc1cc(N4c5ccccc5Sc5ccccc54)ccc12)oc1cc(N2c4ccccc4Sc4ccccc42)ccc13,3.80826,325.6,1.592333905,4.079886,303.9,1.059418269,4.448803,278.7,0.042175789,2.624,3.198,1.18,3.80826,325.6,1.592333903,4.079886,303.9,1.059418269,4.448803,278.7,0.042175789,-7.4788,-0.4865,6.99
mol0054,O=[N+]([O-])C(=CNc1ccc(/N=N/c2ccccc2)cc1)[N+](=O)[O-],2.781382,445.8,0.118843358,3.830735,323.7,0.901621753,3.951565,313.8,0.076658702,1.879,2.818,0.9,2.7814,445.8,0.118839452,3.830754,323.7,0.901620543,3.951587,313.8,0.076655906,-8.3106,-1.0859,7.22
mol0064,O=Cc1ccc2c(c1)C(=O)c1cc(N3CCCCC3)ccc1-2,2.787412,444.8,0.148720913,3.566865,347.6,9.0331e-05,3.931974,315.3,0.61322427,2.141,3.048,0.65,2.787422,444.8,0.148720526,3.566875,347.6,9.0331e-05,3.931984,315.3,0.613225142,-7.3988,-0.9206,6.48
mol0071,CCC1(C)c2cc(C#Cc3ccc(/C=C(\C)c4ccccc4)cc3)ccc2-c2ccc(C#Cc3ccc(/C=C(\C)c4ccccc4)cc3)cc21,3.463693,358.0,4.434848713,3.971759,312.2,0.184224285,4.529392,273.7,0.525705931,2.556,2.752,0.91,3.463693,358.0,4.434848709,3.971759,312.2,0.184224285,4.529392,273.7,0.525705931,-7.2977,-0.5851,6.71
mol0085,CC1(C)CCN2CCC(C)(C)c3cc(-c4ccc(C=C(C#N)C(=O)O)s4)cc1c32,2.705127,458.3,1.644051866,4.297534,288.5,0.00767621,4.415996,280.8,0.04690164,1.726,2.915,0.98,2.705127,458.3,1.644051858,4.297534,288.5,0.00767621,4.415996,280.8,0.046901639,-6.9497,-1.1351,5.81
mol0102,CCCCCn1c2c(c3cc(C#Cc4ccc5ccc6cccc7ccc4c5c67)ccc31)C(C)(CCC)c1ccccc1-2,3.44805,359.6,1.713112212,3.931049,315.4,0.001244974,4.140887,299.4,0.487579748,2.256,2.935,1.19,3.44805,359.6,1.713112212,3.931049,315.4,0.001244974,4.140887,299.4,0.487579748,-7.1272,-0.5094,6.62
mol0127,CCCC1(C)c2cc(C#Cc3ccc4ccc5cccc6ccc3c4c56)ccc2-c2ccc(C#Cc3ccc4ccc5cccc6ccc3c4c56)cc21,3.184484,389.3,3.812665765,3.526817,351.5,0.262556986,3.929704,315.5,0.000469812,2.205,2.256,0.98,3.184484,389.3,3.812665763,3.526817,351.5,0.262556986,3.929704,315.5,0.000469812,-7.0701,-0.8579,6.21
mol0139,C1=CC2=CN(c3cccc4ccccc34)C2=C1,2.692639,460.5,0.044892954,4.080955,303.8,0.296956585,4.375872,283.3,0.233458317,1.906,2.62,0.79,2.692639,460.5,0.044892824,4.080955,303.8,0.296956594,4.375872,283.3,0.233458299,-7.5247,-0.2733,7.25
mol0145,O=c1cc2ccc3cccc4ccc1c2c34,2.086532,594.2,0.118609368,3.170429,391.1,9.036e-06,3.736158,331.8,0.02130095,1.122,2.732,0.96,2.086543,594.2,0.118609517,3.17045,391.1,9.036e-06,3.736171,331.8,0.021300483,-7.6036,-1.6035,6.0
mol0146,N#Cc1cc2cccc3c(N)ccc4ccc1c-2c43,2.118479,585.3,0.168076461,3.205571,386.8,0.088193741,3.847431,322.3,0.231373215,1.459,2.405,0.66,2.118479,585.3,0.16807646,3.205571,386.8,0.088193741,3.847431,322.3,0.231373215,-7.1069,-1.1601,5.95
mol0169,CC(=O)N/N=C/c1ccc([N+](=O)[O-])cc1,3.952231,313.7,6.8799e-05,4.123345,300.7,1.208135831,4.666095,265.7,0.038777778,2.713,3.343,1.24,3.952314,313.7,6.8846e-05,4.12336,300.7,1.208124873,4.666107,265.7,0.038777743,-8.7035,-1.1293,7.57
mol0186,CC1(C)c2ccccc2N(c2ccc3c4c(oc3c2)=CC(=O)C2=CC=CC=42)c2ccccc21,2.04147,607.3,0.175387003,2.693127,460.4,0.583900207,3.097483,400.3,6.109e-06,1.2,1.467,0.84,2.04147,607.3,0.175387002,2.693127,460.4,0.5839002,3.097495,400.3,6.109e-06,-7.5734,-1.8943,5.68
mol0210,C1=CC2=CN(c3ccc(-c4nnc(-c5ccccc5)o4)cc3)C2=C1,2.458777,504.3,0.122836723,3.993171,310.5,1.286472835,4.208307,294.6,0.550240364,1.692,2.538,0.77,2.458777,504.3,0.122836559,3.993171,310.5,1.286472884,4.208307,294.6,0.550240251,-7.3457,-0.4904,6.86
mol0218,C1=CC2=Nc3ccccc3C2=C1,2.235025,554.7,0.0076763,3.714796,333.8,0.001679313,3.779544,328.0,0.228432467,1.313,2.533,0.92,2.235026,554.7,0.007676246,3.714798,333.8,0.001679314,3.779546,328.0,0.228431951,-8.1034,-1.3144,6.79
mol0240,CCCCCCCCCCCCOc1cc(C#Cc2ccc([N+](=O)[O-])cc2)c(OCCCCCCCCC)cc1C#Cc1ccc([N+](=O)[O-])cc1,3.203079,387.1,2.158174796,3.919737,316.3,0.00127933,3.92535,315.9,0.000166563,2.322,2.914,0.88,3.203079,387.1,2.158174627,3.919738,316.3,0.001279294,3.925351,315.9,0.000166559,-7.7178,-1.4403,6.28
mol0253,CCCCCC(=O)c1cc2ccc1CCCC2,3.278826,378.1,0.091819576,3.890929,318.6,0.001721871,4.000075,310.0,0.082214403,1.637,2.986,1.64,3.27883,378.1,0.091819475,3.890936,318.6,0.001722385,4.000082,310.0,0.082212995,-7.6701,-0.1894,7.48
mol0303,CCCCCCCCCCCCCOc1ccc(/N=N/c2ccc([N+](=O)[O-])cc2)cc1,2.726137,454.8,0.119368044,3.950043,313.9,0.001794651,4.063012,305.2,0.538845205,1.842,3.027,0.88,2.726146,454.8,0.119367102,3.950057,313.9,0.001794791,4.063023,305.2,0.538840124,-8.2257,-1.0928,7.13
mol0327,CC(=O)c1ccc2c(c1)C(C)(C)c1cc(N3CCCCC3)ccc1-2,3.888591,318.8,1.312358792,4.14466,299.1,0.000193815,4.50798,275.0,0.032184409,2.827,3.678,1.06,3.888607,318.8,1.312312204,4.144673,299.1,0.000193816,4.50799,275.0,0.03218434,-7.1514,0.0087,7.16
mol0367,CCCCn1c2ccccc2c2cc(C#Cc3cc(C#Cc4ccc5c(c4)c4ccccc4n5CC(C)C)nc(C#N)n3)ccc21,3.512883,352.9,2.355711942,3.982079,311.4,0.606281433,4.315747,287.3,0.048370861,2.854,2.866,0.66,3.512883,352.9,2.355711941,3.982079,311.4,0.606281433,4.315747,287.3,0.048370861,-7.6577,-0.94,6.72
mol0386,Nc1nc(Nc2cccc3ccccc23)nc(Nc2cccc3ccccc23)n1,4.359428,284.4,0.824012061,4.469196,277.4,0.214436522,4.599881,269.5,0.014267912,2.97,2.976,1.39,4.359428,284.4,0.824012058,4.469196,277.4,0.21443652,4.599881,269.5,0.014267912,-7.8203,0.3559,8.18
mol0436,CCCCCCCCCCCCCOC1=CC=c2c1ccc1c3c(ccc21)C=CC=3,1.316744,941.6,0.03165722,1.912374,648.3,0.597431811,3.027714,409.5,0.357369341,0.453,0.941,0.86,1.316744,941.6,0.03165722,1.912374,648.3,0.59743181,3.027714,409.5,0.35736934,-6.8255,-2.0644,4.76
mol0454,CC1=N/C(=C\c2ccc(N3CCOCC3)cc2)C(=O)N1,3.421464,362.4,1.479693966,4.314316,287.4,0.00097276,4.593782,269.9,0.046165577,2.027,3.509,1.39,3.421464,362.4,1.479693892,4.314319,287.4,0.000972758,4.593782,269.9,0.046165577,-7.1606,-0.3536,6.81
mol0455,CC1(C)CC=C(/C=C/C(N)=C/C=C2C=Nc3ccccc3C2(C)C)C1,2.879858,430.5,1.940098627,4.346575,285.2,0.003823911,4.515109,274.6,0.310564983,1.531,2.712,1.35,2.879858,430.5,1.940098619,4.346576,285.2,0.003823911,4.515109,274.6,0.310564983,-6.8782,-0.6507,6.23
mol0456,CN(C)c1ccc(C#Cc2cc(C#N)c3ccc4c(C#Cc5ccc(N(C)C)cc5)cc(C#Cc5ccc(N(C)C)cc5)c5ccc2c3c45)cc1,2.596515,477.5,1.950397762,3.350816,370.0,1.288973267,3.588778,345.5,0.139205217,1.693,2.705,0.9,2.596515,477.5,1.950397761,3.350816,370.0,1.288973267,3.588778,345.5,0.139205217,-6.6654,-1.3322,5.33
mol0476,CCCC1=Cc2nc1cc(NC(C)=O)c1nc(ccc3[nH]c2cc3CCC)C(C)=C1,2.398428,516.9,0.139683612,2.665006,465.2,0.25929987,3.226339,384.3,0.000671939,1.612,1.748,0.79,2.398428,516.9,0.13968356,2.665006,465.2,0.259299839,3.22634,384.3,0.000671936,-7.5449,-1.6008,5.94
mol0478,CCCCCC1(C)c2cc(C=Cc3ccc(C#N)cc3)ccc2-c2ccc(C=Cc3ccc(C#N)cc3)cc21,3.317168,373.8,3.271003225,3.989757,310.8,0.106556583,4.616295,268.6,0.044085727,2.282,2.544,1.04,3.317168,373.8,3.271003223,3.989757,310.8,0.106556583,4.616295,268.6,0.044085727,-7.4199,-0.8691,6.55
mol0479,CN(C)c1ccc(C2=CC(=O)C=CC2=O)cc1,2.575479,481.4,0.322769757,3.004727,412.6,0.001190126,3.244487,382.1,0.003098975,1.793,2.541,0.78,2.575516,481.4,0.322613965,3.004752,412.6,0.001190089,3.244515,382.1,0.003098968,-7.4358,-1.6689,5.77
mol0491,CCCC1=Cc2nc1ccc1[nH]c(cc1CCC)c1nc(ccc3[nH]c2c(-c2cccc(OC)c2)c3-c2cccc(OC)c2)C(C)=C1,2.220108,558.5,0.379023308,2.324225,533.4,0.440307729,3.511835,353.0,0.070442654,1.288,1.484,0.93,2.220108,558.5,0.379023308,2.324225,533.4,0.440307729,3.511835,353.0,0.070442654,-7.0501,-1.8467,5.2
mol0496,CC1=c2c(cc3cccc4ccc(N5CCCC5)c2c43)C=C1,2.442324,507.6,0.226324495,3.448566,359.5,0.173849093,3.805725,325.8,0.354462788,1.485,2.369,0.96,2.442324,507.6,0.226324477,3.448566,359.5,0.173849094,3.805725,325.8,0.354462784,-6.753,-0.7405,6.01
mol0509,O=c1cc(O)c(=O)c1=O,2.469689,502.0,5.996e-06,3.200728,387.4,1.9299e-05,4.45183,278.5,4.1278e-05,2.01,2.765,0.46,2.46971,502.0,5.996e-06,3.200753,387.4,1.9299e-05,4.451858,278.5,4.1278e-05,-9.6311,-1.4792,8.15
mol0530,C1=Cc2cc(N3c4ccccc4Oc4ccccc43)c3c4c(ccc1c24)C=C3,2.411765,514.1,0.004962219,2.848841,435.2,0.09542638,3.621491,342.4,0.020788785,1.633,2.477,0.78,2.411765,514.1,0.004962218,2.848841,435.2,0.095426331,3.621491,342.4,0.020788783,-7.1537,-1.2649,5.89
mol0555,CCCCCOc1cc(OCCC)ccc1-n1cc(-c2ccc(C=C(C#N)C(=O)O)cc2)nn1,3.789752,327.2,1.526923606,4.630778,267.7,0.043356478,4.936802,251.1,0.225828049,2.56,3.816,1.23,3.789752,327.2,1.526922806,4.630778,267.7,0.043356478,4.936802,251.1,0.225828044,-8.1553,-1.0661,7.09
mol0557,CCCCCCCCCCCCCCCOc1ccccc1N1c2ccccc2Sc2cc(/C=C(\C#N)C(=O)O)ccc21,3.058873,405.3,0.655310179,4.155518,298.4,0.16557255,4.23661,292.6,0.706922814,2.201,3.292,0.86,3.058879,405.3,0.655310099,4.155523,298.4,0.165572057,4.236615,292.6,0.706922529,-7.3633,-0.9217,6.44
mol0576,C1=NC(c2cn(-c3ccccc3)nc2-c2ccccc2)=C1,2.784501,445.3,0.127786429,4.010663,309.1,0.001171836,4.835127,256.4,0.458698248,1.434,3.552,1.35,2.784499,445.3,0.127785651,4.010665,309.1,0.001171835,4.835128,256.4,0.458698132,-7.7994,-0.3456,7.45
mol0743,CCCCCCCC1(CCCCC)c2cc(C#Cc3cccc(C#N)c3)ccc2-c2ccc(C#Cc3cccc(C#N)c3)cc21,3.679256,337.0,2.870223512,4.470632,277.3,0.077759553,4.729472,262.2,0.033927266,2.68,3.135,1.0,3.679256,337.0,2.870223497,4.470632,277.3,0.077759553,4.729472,262.2,0.033927266,-7.6817,-0.6363,7.05
mol0756,CCN(C)c1ccc2c(=O)c3ccc(N(CC)CC)cc3oc2c1,4.109707,301.7,1.238044799,4.400173,281.8,0.000145818,4.577079,270.9,0.04198404,3.226,3.364,0.88,4.109708,301.7,1.238043935,4.400184,281.8,0.000145833,4.577082,270.9,0.041983788,-7.4543,0.2718,7.73
mol0776,CC1=CC(=O)C(c2ccc(N(C)C)cc2)=CC1=O,2.613214,474.5,0.308516875,3.032764,408.8,0.000897495,3.297941,375.9,0.002553355,1.823,2.575,0.79,2.613253,474.4,0.308370435,3.03279,408.8,0.000897531,3.297983,375.9,0.002553452,-7.4174,-1.5787,5.84
mol0784,CC1=Cc2nc1c1ccc([nH]1)c(-c1ccc(N)cc1)c1nc(c(-c3ccc(N)cc3)c3ccc([nH]3)c3ccccc23)C=C1,1.999718,620.0,0.477379029,2.743974,451.8,0.289928917,3.211319,386.1,2.472458001,1.097,1.915,0.9,1.999718,620.0,0.477378928,2.743974,451.8,0.289928922,3.211319,386.1,2.472457986,-6.6007,-1.6599,4.94
mol0791,CC1N=C2CCC(C#Cc3ccc(/C=C(\C#N)C(=O)O)cc3)=C21,3.4868,355.6,2.036163312,4.219558,293.8,0.001914793,4.563739,271.7,0.036551498,2.246,2.819,1.24,3.4868,355.6,2.03616331,4.219559,293.8,0.001914793,4.563739,271.7,0.036551498,-8.2095,-1.4355,6.77
mol0794,CCCC1=Cc2nc1c(NC(=O)O)cc1[nH]c(cc1CCC)c1nc(ccc3[nH]c2cc3CCC)C(C)=C1,2.207618,561.6,0.348349027,2.354738,526.5,0.364219001,3.592538,345.1,0.083900285,1.338,1.437,0.87,2.207618,561.6,0.348349026,2.354738,526.5,0.364218999,3.592538,345.1,0.083900285,-7.0663,-1.8218,5.24
mol0795,CC1=CC2=CC=C3C=CC=C(N3)C3=NC(=C(c4ccc(C)cc4)C1=N2)C=C3,2.397662,517.1,0.186054158,3.150178,393.6,0.065286894,3.533902,350.8,0.097968021,1.681,2.247,0.72,2.397663,517.1,0.186053955,3.150179,393.6,0.065286844,3.533903,350.8,0.097968097,-7.2947,-1.1869,6.11
mol0818,Cc1ccc(Sc2cc3sc4cc5[nH]c6c7ccccc7c(=O)c7ccccc7c6sc5c(C)c4[nH]c3c3c(=O)c4ccccc4c(=O)c23)cc1,2.489095,498.1,0.572174266,3.249891,381.5,0.106027998,3.395679,365.1,0.002409986,1.563,2.57,0.93,2.489097,498.1,0.57217104,3.249894,381.5,0.106027918,3.395687,365.1,0.002410186,-6.8963,-1.445,5.45
mol0822,CCCc1cc2ccc1[nH]c1ccc3nc(c4cc(CCC)c(ccc5nc(c2[nH]1)C=C5CCO)[nH]4)C=C3C,2.341718,529.5,0.010004127,2.539657,488.2,0.517923605,3.09526,400.6,0.004923817,1.453,1.558,0.89,2.341718,529.5,0.010004129,2.539658,488.2,0.517923509,3.095261,400.6,0.004923818,-6.5166,-1.0844,5.43
mol0829,CN(c1ccccc1)c1ccc(/C=C(\C#N)c2ccccc2)cc1,3.501315,354.1,1.50838654,4.614329,268.7,0.071328939,5.008096,247.6,0.022236434,2.336,3.71,1.17,3.501315,354.1,1.508386516,4.614329,268.7,0.071328939,5.008096,247.6,0.022236434,-7.3275,-0.3157,7.01
mol0836,CC1=C2C(=C1)c1ccccc1C(=O)c1cc2c2cc3cc4ccccc4cc3cc2c1,1.842071,673.1,0.217836284,2.721388,455.6,0.166651076,3.036542,408.3,0.020374596,0.652,1.52,1.19,1.842071,673.1,0.217836171,2.721388,455.6,0.166651065,3.036542,408.3,0.020374597,-6.6857,-1.3047,5.38
mol0848,N#Cc1cc(N2C=C3C=CC=C32)c(-n2c3ccccc3c3ccccc32)cc1C#N,2.574903,481.5,0.046193753,3.776868,328.3,0.329760283,4.207816,294.7,0.409246708,1.672,2.664,0.9,2.574903,481.5,0.046193748,3.776868,328.3,0.329760279,4.207816,294.7,0.409246705,-7.5871,-0.5803,7.01
mol0871,O=c1c2cccc3c4ccc5cccc(c54)c(c23)n1-c1ccccc1,2.577834,481.0,0.213457895,3.38556,366.2,0.192048124,3.888929,318.8,0.159346712,1.506,2.375,1.07,2.577834,481.0,0.213457895,3.38556,366.2,0.192048124,3.888929,318.8,0.159346712,-7.4806,-1.3405,6.14
mol0887,C1=CC(n2c3ccccc3c3cc(-c4ccc(-n5c6ccccc6c6ccccc65)cc4)ccc32)=C1,2.599318,477.0,0.057178053,4.195127,295.5,0.073632268,4.447858,278.8,0.290976752,1.25,3.458,1.35,2.599318,477.0,0.057178052,4.195127,295.5,0.073632267,4.447858,278.8,0.290976751,-7.0949,0.1975,7.29
mol0898,C1=Cc2cc(N(c3ccccc3)c3ccccc3)c3c4c(ccc1c24)C=C3,2.314054,535.8,0.047988771,3.001961,413.0,0.25579691,3.867609,320.6,0.081853682,1.58,2.199,0.73,2.314054,535.8,0.047988771,3.001961,413.0,0.255796892,3.867609,320.6,0.081853682,-7.2697,-1.1015,6.17
mol0914,Cc1cc2ccc3cccc4cc5cnccc5c1-c2c34,1.928094,643.0,0.058006431,2.725915,454.8,0.163566941,3.671554,337.7,0.585538594,1.24,1.949,0.69,1.928094,643.0,0.058006404,2.725915,454.8,0.16356694,3.671554,337.7,0.585538594,-7.0557,-1.4313,5.62
mol0930,C1=NC(c2ccc(N(c3ccccc3)c3ccccc3)cc2)=C1,2.51989,492.0,0.31115789,3.945726,314.2,0.033757676,4.02587,308.0,0.697323505,1.233,3.002,1.29,2.519889,492.0,0.311156059,3.945729,314.2,0.033757319,4.025872,308.0,0.697321143,-7.1666,-0.5388,6.63
mol0954,CCCCCCCCCN1C(=CC2=C([O-])C(=CC3=[N+](CCCCCC)c4ccccc4C3(C)C)C2=O)C(C)(C)c2cc(C(=O)O)ccc21,2.324383,533.4,2.039012244,3.36152,368.8,0.000626665,4.227864,293.3,0.003770746,1.195,3.021,1.13,2.324383,533.4,2.039012084,3.361521,368.8,0.000626668,4.227864,293.3,0.003770799,-6.7401,-1.1993,5.54
mol1002,CC1=Cc2cc3ccccc3cc2N2CCCC(C=Cc3ccc4cc5ccccc5cc4c3)=C12,2.688826,461.1,2.301483454,3.474795,356.8,0.1109,3.797663,326.5,0.211463145,1.589,2.203,1.1,2.688826,461.1,2.30147318,3.474795,356.8,0.110899993,3.797664,326.5,0.21146314,-6.3256,-0.5526,5.77
mol1004,COCCC1=Cc2nc1ccc1[nH]c(c3nc(ccc4[nH]c2cc4CCOC)C(CCOC)=C3)c(CCOC)c1C=O,2.21341,560.2,0.378743133,2.272292,545.6,0.500258595,3.427916,361.7,0.017309134,1.202,1.458,1.01,2.21341,560.2,0.378743133,2.272292,545.6,0.500258594,3.427916,361.7,0.017309134,-7.1685,-2.0612,5.11
mol1010,CCc1c2cc3ccccc3cc2c(C#Cc2ccccc2)c2cc3ccccc3cc12,2.20009,563.5,0.473393848,3.470766,357.2,0.009401419,3.613035,343.2,0.031086908,0.888,2.217,1.31,2.20009,563.5,0.47339369,3.470766,357.2,0.009401419,3.613035,343.2,0.031086908,-6.5218,-1.3963,5.13
mol1019,CNc1cc2oc3ccccc3[nH]c2c2c(=O)c3ccccc3c(=O)c12,2.636557,470.3,0.59741947,3.658608,338.9,0.02457555,3.706542,334.5,0.029341627,1.496,2.781,1.14,2.636558,470.3,0.597418279,3.658611,338.9,0.024576756,3.706544,334.5,0.029340464,-7.0224,-1.0535,5.97
mol1022,Cc1c2cc3ccccc3cc2c(C#C[Si](C(C)C)(C(C)C)C(C)C)c2cc3ccccc3cc12,2.26964,546.3,0.358892983,3.480345,356.2,0.010382171,3.632414,341.3,0.022807057,0.918,2.223,1.35,2.26964,546.3,0.358892982,3.480345,356.2,0.010382171,3.632414,341.3,0.022807057,-6.597,-1.3569,5.24
mol1025,Cc1cc(C)c(C2=C3C=CC=[N+]3[B-](F)(F)n3c2c2cc4ccccc4cc2c3-c2ccc[nH]2)c(C)c1,2.560584,484.2,0.995685155,3.705642,334.6,0.208591041,3.863338,320.9,0.776083582,1.498,2.586,1.06,2.560584,484.2,0.995682911,3.705642,334.6,0.208591031,3.863338,320.9,0.776083583,-7.0942,-1.3262,5.77
mol1040,F[B-]1(F)n2c(-c3ccccc3)cc(-c3ccccc3)c2N=C2C(c3ccccc3)=CC(c3ccccc3)=[N+]21,2.220198,558.4,1.164951215,3.13565,395.4,0.004924374,3.351284,370.0,0.565937318,0.898,2.509,1.32,2.220198,558.4,1.164951114,3.13565,395.4,0.004924373,3.351284,370.0,0.56593726,-7.4576,-2.131,5.33
mol1050,CCCC1=Cc2nc1ccc1[nH]c(cc3nc(c(C)c4ccc2[nH]4)C=C3CC)c(CN(C)C)c1CCC,1.830301,677.4,0.186452618,2.210336,560.9,0.05428057,2.779716,446.0,0.606749778,1.002,1.501,0.83,1.830306,677.4,0.186371898,2.210336,560.9,0.054280703,2.779716,446.0,0.606749742,-5.9452,-0.7396,5.21
mol1054,CSc1ccc(C#Cc2cc(C#N)c3ccc4c(C#Cc5ccc(SC)cc5)cc(C#Cc5ccc(SC)cc5)c5ccc2c3c45)cc1,2.74036,452.4,1.932728556,3.544882,349.8,0.459638475,3.758069,329.9,1.601572853,1.763,2.814,0.98,2.74036,452.4,1.932728554,3.544882,349.8,0.459638475,3.758069,329.9,1.601572853,-7.0996,-1.5187,5.58
mol1063,CCOCCc1cc2[nH]c1ccc1nc(c3cc(CCOC)c(ccc4nc2C=C4CCOC)[nH]3)C=C1CCOC,1.978928,626.5,0.247181724,2.262609,548.0,0.23022124,3.400601,364.6,0.956922761,1.172,1.404,0.81,1.978928,626.5,0.247179809,2.262609,548.0,0.230221278,3.400601,364.6,0.956922711,-6.7733,-1.711,5.06
mol1081,CCn1c(C)cc(/C=C(/C#N)c2ccc(C=C(C(=O)O)C(=O)O)s2)c1C,2.804049,442.2,1.026069981,3.996481,310.2,0.22544736,4.087781,303.3,0.350713481,1.84,2.577,0.96,2.804049,442.2,1.026065521,3.996482,310.2,0.22544813,4.087781,303.3,0.35071242,-7.5487,-1.335,6.21
mol1090,CCCCCCCOc1cc(OCCCC)c(N(CC)CC)cc1C1=C(c2cccnc2)C(=O)N(C)C1=O,2.868811,432.2,0.271036855,3.698513,335.2,0.09177486,4.046946,306.4,0.007262248,2.095,3.019,0.77,2.868822,432.2,0.27103554,3.698527,335.2,0.091771269,4.046958,306.4,0.007262241,-7.2127,-0.9559,6.26
mol1101,CCCCn1c2ccc(/C=N\c3ccc(C(=O)O)cc3)cc2c2cc(/C=C(\C#N)c3ccc(/C=N/c4ccc(C(=O)O)cc4)s3)ccc21,3.022289,410.2,1.889577914,3.933146,315.2,0.196965995,4.111783,301.5,0.04491034,1.979,2.778,1.04,3.022289,410.2,1.889577467,3.933146,315.2,0.196966126,4.111783,301.5,0.044910334,-7.5796,-1.1879,6.39
mol1113,N#Cc1nc2ccc1ccc1c3c(c2)C=CC=3C=1,2.095278,591.7,0.013459171,2.809795,441.3,1.556088978,3.334679,371.8,0.094857266,1.365,1.641,0.73,2.095278,591.7,0.013459175,2.809795,441.3,1.556089019,3.334679,371.8,0.094857204,-7.1744,-1.1922,5.98
mol1122,CCCCCCC[N+]1=C(/C=C2/C(=O)C(O)=C2[O-])C(C)(C)c2cc(C(=O)O)ccc21,3.153325,393.2,1.252130186,3.57996,346.3,2.4345e-05,4.66646,265.7,0.112985926,1.727,3.35,1.43,3.153324,393.2,1.252122068,3.579961,346.3,2.4345e-05,4.666461,265.7,0.112985936,-7.6837,-1.0167,6.67
mol1141,CN1C(=O)C(c2ccccc2)=C1/C(=C/c1cn(-c2ccccc2)nc1-c1ccc(F)cc1)c1ccccc1,2.918501,424.8,0.707951318,3.867691,320.6,0.614916561,4.57039,271.3,0.01243906,1.852,3.04,1.07,2.918501,424.8,0.707951051,3.867691,320.6,0.614916496,4.570391,271.3,0.012439107,-7.5116,-0.8115,6.7
mol1170,COc1ccc2c1c(C)c1cccc3cnc2n31,2.036945,608.7,0.169796476,3.59365,345.0,0.021776313,4.315672,287.3,0.316209524,1.252,2.532,0.78,2.036945,608.7,0.169796476,3.59365,345.0,0.021776313,4.315672,287.3,0.316209524,-6.7006,-0.9165,5.78
mol1190,C1=CC2=Nc3cc(-c4ccc(-c5cc(-c6ccccc6)cc(-c6ccccc6)n5)cc4)ccc3C2=C1,2.17243,570.7,0.03703989,3.714738,333.8,0.004741291,3.777375,328.2,0.259607218,1.271,2.56,0.9,2.17243,570.7,0.037039889,3.714739,333.8,0.004741381,3.777375,328.2,0.259607127,-7.7875,-1.3717,6.42
mol1267,CC1(C)c2ccccc2-c2ccc(-c3nc(-c4ccccc4)c(-c4ccccc4)[nH]3)cc21,4.055551,305.7,1.704024674,4.508751,275.0,0.418654039,4.834997,256.4,0.036905655,2.987,3.397,1.07,4.055551,305.7,1.704024134,4.508751,275.0,0.41865401,4.834997,256.4,0.036905659,-7.3601,0.1952,7.56
mol1311,C1=N/C(=C/c2ccccc2)CN1c1ccccc1,3.85586,321.5,1.228940756,4.968939,249.5,0.022438849,5.031828,246.4,0.001961203,2.581,3.715,1.27,3.85586,321.5,1.228940756,4.968939,249.5,0.022438849,5.031828,246.4,0.001961203,-7.3129,0.3448,7.66
mol1347,O=C1CCN1c1ccc(-c2nn(-c3ccccc3)c(=O)o2)cc1,4.418441,280.6,1.477585089,4.98772,248.6,0.011899475,5.3278,232.7,0.020591491,3.124,4.007,1.29,4.418441,280.6,1.47758286,4.98772,248.6,0.011899476,5.3278,232.7,0.020591492,-8.08,0.0704,8.15
mol1349,COC1=C2OC(=O)C=C2C=C1,2.518673,492.3,0.046256415,4.760893,260.4,0.644626179,4.849458,255.7,0.000139231,1.54,2.75,0.98,2.518679,492.3,0.046256485,4.760917,260.4,0.644571757,4.849467,255.7,0.000139232,-8.1264,-1.0011,7.13
mol1379,CN(C)c1ccc(/C=N/C(C#N)=C/N=C/c2ccc(C#N)cc2)cc1,3.012279,411.6,2.526595061,4.068833,304.7,0.00085687,4.348049,285.1,0.109220963,1.81,2.834,1.2,3.012279,411.6,2.52659506,4.068834,304.7,0.000856869,4.348049,285.1,0.109220963,-7.2656,-1.3578,5.91
mol1385,CCCCCc1cc(/C=C(\C#N)C(=O)O)sc1/C=C/c1ccc(N(c2ccccc2)c2ccccc2)cc1,2.61256,474.6,2.00668153,3.882871,319.3,0.037084512,4.342058,285.5,0.072866254,1.582,2.654,1.03,2.61256,474.6,2.006680957,3.882871,319.3,0.037084516,4.342058,285.5,0.072866259,-7.035,-1.4052,5.63
mol1388,CCCCCCCCOc1cc(OC)c(/C=C/c2ccc(/C=C/c3ccncc3)cc2)cc1/C=C/c1ccncc1,3.319621,373.5,2.209876178,3.799083,326.4,0.879948773,4.342903,285.5,0.564537615,2.254,2.563,1.07,3.319621,373.5,2.209876175,3.799083,326.4,0.879948773,4.342903,285.5,0.564537616,-7.1459,-0.5325,6.61
mol1391,COC(=O)/C=C/C1=CC2=C(c3ccccc3)c3cc(/C=C/C(=O)OC)cn3[B-](F)(F)[N+]2=C1,2.855538,434.2,1.255500837,3.952914,313.7,0.500357862,4.085139,303.5,0.269714014,1.766,2.911,1.09,2.855538,434.2,1.255500818,3.952914,313.7,0.500357845,4.085139,303.5,0.269714005,-8.063,-1.7121,6.35
mol1392,F[B-]1(F)n2c(c(-c3ccccc3)c(-c3ccccc3)c2-c2ccccc2)N=C2C=C(c3ccccc3)C(c3ccccc3)=[N+]21,2.286326,542.3,1.301606131,3.075668,403.1,0.230318949,3.597107,344.7,0.118897054,0.912,2.403,1.37,2.286326,542.3,1.301605817,3.075668,403.1,0.23031882,3.597107,344.7,0.11889705,-7.5128,-2.0572,5.46
mol1395,C[Si](C)(C)c1ccc(-c2ccc(-c3ccc(-c4ccc(/C=C(\C#N)C(=O)O)s4)s3)s2)s1,2.584275,479.8,2.240986703,3.552245,349.0,0.037607603,4.318466,287.1,0.231099862,1.638,2.189,0.95,2.584275,479.8,2.240986699,3.552245,349.0,0.037607603,4.318466,287.1,0.231099863,-7.1898,-1.5196,5.67
mol1396,CCCCCC[N+]1=C(C=C2C(=O)C(C=C3N(CCCC)c4ccccc4C3(C)C)=C2[O-])Cc2ccccc21,2.367676,523.7,1.843665213,3.365108,368.4,0.000328866,4.367538,283.9,0.219197098,1.21,3.108,1.16,2.367676,523.7,1.843665215,3.365109,368.4,0.000328865,4.367539,283.9,0.219197271,-6.589,-0.9899,5.6
mol1397,CCN1/C(=C\C2=C([O-])C(C)/C2=C/C2=[N+](CC)c3ccccc3C2(C)C)C(C)(C)c2ccccc21,3.137596,395.2,0.822591989,4.202925,295.0,0.135504249,4.454674,278.3,0.464384216,2.08,3.271,1.06,3.137597,395.2,0.822591838,4.202928,295.0,0.135505337,4.454675,278.3,0.464383111,-6.6911,0.0962,6.79
mol1400,CN(C)c1ccc2c(/C=C/C=C/C=C3\N(CS(=O)(=O)O)c4ccc(S(=O)(=O)O)cc4C3(C)C)cc(=O)oc2c1,3.115708,397.9,2.228481042,3.58825,345.5,0.600163507,4.607354,269.1,0.042182878,1.793,2.583,1.32,3.115708,397.9,2.228481036,3.58825,345.5,0.600163506,4.607354,269.1,0.042182878,-7.3196,-0.9118,6.41
mol1401,CCCCCCCNc1cc(Cl)c(/N=N/c2ccc([N+](=O)[O-])cc2C#N)c(Cl)c1,2.360655,525.2,0.27423556,3.327498,372.6,1.258350665,4.262383,290.9,0.022618383,1.614,2.281,0.75,2.360682,525.2,0.274159141,3.32751,372.6,1.258210428,4.262393,290.9,0.022617038,-7.9241,-1.6466,6.28
mol1402,CCCCC(CC)CN1C(=O)C(C#N)=C(c2sc(-c3ccc4c(c3)Sc3cc(C=C(C#N)C(=O)O)ccc3N4C)cc2C)C1=O,2.68725,461.4,1.358654933,3.264728,379.8,0.358740125,3.806058,325.8,0.028825222,1.709,2.368,0.98,2.68725,461.4,1.358651691,3.264729,379.8,0.358739823,3.80606,325.8,0.028825185,-7.4497,-1.7956,5.65
mol1409,CCCOc1ccc(-c2ccc3c(c2)Sc2cc(C=C(C#N)C(=O)O)ccc2N3CC)cc1,3.071524,403.7,0.855174948,4.104033,302.1,0.056124209,4.236591,292.7,0.607204325,2.222,3.215,0.85,3.071526,403.7,0.855174723,4.104036,302.1,0.056123721,4.236594,292.7,0.607204047,-7.2438,-0.9067,6.34
mol1416,CCCCCCCN(C)c1ccc(/C=C(\C#N)c2ccc(/C=C3\SC(=S)N(CC(=O)O)C3=O)s2)cc1,2.592537,478.2,2.250147212,3.400403,364.6,0.00010808,3.649478,339.7,0.100052035,1.65,2.295,0.94,2.592537,478.2,2.250147224,3.400999,364.6,0.000107901,3.649478,339.7,0.100052047,-7.128,-1.4537,5.67
mol1417,CCCCCCN1C(=CC2=C([O-])C(=CC3=[N+](CCCCC)c4ccc(C(=O)O)cc4C3(C)C)C2=O)C(C)(C)c2ccccc21,2.349633,527.7,2.0188842,3.319522,373.5,0.000959697,4.267045,290.6,0.312852184,1.209,3.052,1.14,2.349634,527.7,2.018884071,3.319523,373.5,0.000959695,4.267045,290.6,0.312852686,-6.7312,-1.1905,5.54
mol1419,CCCCCCCCCCCCN(CCCCCCC)c1ccc(/C=C/c2cc[n+](CCCS(=O)(=O)[O-])cc2)cc1,3.084969,401.9,1.868979691,4.560659,271.9,0.044261567,4.883692,253.9,0.006788221,2.051,3.525,1.03,3.084969,401.9,1.868979669,4.560659,271.9,0.044261567,4.883692,253.9,0.006788221,-7.262,-0.9778,6.28
mol1420,CC1=[N+]2C(=Nc3c(-c4ccccc4)cc(-c4cccs4)n3[B-]2(F)F)C=C1c1cccs1,2.17331,570.5,1.261173261,3.231552,383.7,0.156153229,3.423891,362.1,0.391913078,0.848,2.465,1.33,2.17331,570.5,1.261173163,3.231552,383.7,0.156153218,3.423891,362.1,0.391913045,-7.293,-2.0834,5.21
mol1432,O=[N+]([O-])c1ccc(/C=C/c2ccc(/C=C/c3ccc(/C=C/c4ccc([N+](=O)[O-])cc4)cc3)cc2)cc1,3.041761,407.6,3.733880693,3.610888,343.4,0.044840305,3.934816,315.1,7.6e-07,2.055,2.361,0.99,3.041761,407.6,3.733880693,3.610888,343.4,0.044840305,3.934817,315.1,7.6e-07,-7.3698,-1.3262,6.04
mol1436,CCCCN(/N=C/c1ccc(C#Cc2ccc3c4c(cccc24)C(=O)OC3=O)cc1)c1ccccc1,3.101504,399.8,2.088949187,4.016579,308.7,0.120400633,4.280545,289.6,0.085493982,2.086,2.484,1.02,3.101504,399.8,2.088949185,4.016579,308.7,0.120400626,4.280545,289.6,0.085493982,-7.3196,-1.4332,5.89
mol1437,CCCCCOc1ccc(-c2cnc(-c3ccc(-c4ccc(C=C(C#N)C(=O)O)s4)s3)s2)cc1,2.724284,455.1,2.165731037,3.729712,332.4,0.036788679,4.4859,276.4,0.072750204,1.729,2.389,1.0,2.724284,455.1,2.165731036,3.729712,332.4,0.036788678,4.4859,276.4,0.072750165,-7.3922,-1.5504,5.84
mol1446,CCCCCCCCCCOc1ccc(-c2ccc3c(c2)Sc2cc(-c4ccc(OCCCCC)c5nsnc45)ccc2N3c2ccc(C(=O)O)cc2)cc1,3.509065,353.3,0.373770912,4.43116,279.8,0.661482133,4.602873,269.4,0.61721468,2.255,3.236,1.25,3.509066,353.3,0.373769419,4.431161,279.8,0.661482008,4.602873,269.4,0.617214838,-7.7457,-0.8326,6.91
mol1447,CN(c1ccccc1)c1ccc(/C(=C2\C=CC(=O)C(/C=C/c3ccc(N(c4ccccc4)c4ccccc4)cc3)=C2)c2ccccc2)cc1,2.642955,469.1,1.606169364,3.458687,358.5,0.06935568,3.746128,331.0,0.950271919,1.568,2.406,1.07,2.642955,469.1,1.606169409,3.458687,358.5,0.069355681,3.746129,331.0,0.950271521,-6.8253,-1.2176,5.61
mol1448,F[B-]1(F)n2c(cc3c4ccccc4c4ccccc4c32)C(c2ccccc2)=C2C=CC(c3ccccc3)=[N+]21,2.552765,485.7,1.119900185,3.482798,356.0,0.121438022,3.944444,314.3,0.719435887,1.534,2.771,1.02,2.552765,485.7,1.11990011,3.482798,356.0,0.121438006,3.944444,314.3,0.719435883,-7.5318,-1.6877,5.84
mol1450,CCC[B-]1(OC(C)=O)OC(/C=C/c2ccc3cc(OC)ccc3c2)=CC(/C=C/c2ccc3cc(OC)ccc3c2)=[O+]1,2.98309,415.6,2.689744716,3.826216,324.0,0.269684033,4.176947,296.8,0.001595336,2.097,2.525,0.89,2.98309,415.6,2.689734249,3.826216,324.0,0.269684035,4.176947,296.8,0.001595336,-7.6377,-1.3618,6.28
mol1453,CCCCCCCn1c2ccc(-c3ccc(/C=C(/C#N)C(=O)O)o3)cc2c2cc3c(cc21)c1ccccc1n3CCC,3.021407,410.4,2.059113142,3.713505,333.9,0.099365689,4.118097,301.1,0.392004643,1.927,2.952,1.09,3.021407,410.4,2.059113132,3.713505,333.9,0.099365689,4.118097,301.1,0.392004643,-7.0962,-1.0513,6.04
mol1454,Clc1ccc(/C=N/c2ccc(/N=N/c3ccccc3)cc2)s1,2.798217,443.1,0.00258624,3.423427,362.2,1.932054407,4.276413,289.9,0.066338828,2.065,2.31,0.73,2.798229,443.1,0.002586214,3.423439,362.2,1.93205458,4.276426,289.9,0.066338537,-8.0007,-1.0033,7.0
mol1458,CCn1c(-c2ccc(-c3nnc(-c4ccc(-c5cc6ccccc6c6ccccc56)s4)o3)s2)cc2ccccc21,3.461561,358.2,1.560443084,4.066513,304.9,0.924879669,4.27995,289.7,0.000803503,2.435,2.714,1.03,3.461561,358.2,1.560442696,4.066514,304.9,0.924879297,4.27995,289.7,0.000803513,-7.5007,-0.608,6.89
mol1462,CCCCCCCCCN(C)c1ccc(S(=O)(=O)O)cc1NC(=O)c1cc(/N=N/c2ccc(O)cc2Cl)c2ccccc2c1O,2.747781,451.2,0.054641603,3.257364,380.6,0.93996776,3.984399,311.2,0.34776414,1.933,2.154,0.81,2.747793,451.2,0.054641174,3.257376,380.6,0.939963251,3.984411,311.2,0.347763166,-7.6803,-0.8993,6.78
mol1467,COc1ccc(/C=C/C2=CC(/C=C/c3ccc(OC)c(OC)c3)=[O+][B-](F)(F)O2)cc1OC,2.947092,420.7,2.385349494,3.834842,323.3,0.234915326,4.416462,280.7,0.05240815,2.046,2.486,0.9,2.947092,420.7,2.385349485,3.834842,323.3,0.234915309,4.416462,280.7,0.05240815,-7.6591,-1.4017,6.26
mol1486,COCCCCN1C(=O)C2=C(c3ccncc3)N(CCOCCOCCOC)C(=O)C2=C1c1ccncc1,3.026942,409.6,0.581274746,3.562742,348.0,0.001031563,4.226433,293.4,2.0802e-05,1.476,3.034,1.55,3.026941,409.6,0.581256334,3.562742,348.0,0.001031563,4.226437,293.4,2.0803e-05,-7.6603,-1.1555,6.5
mol1490,CN(C)c1ccc(/C=C/c2nc3ccccc3s2)cc1,3.413884,363.2,1.842372465,4.58425,270.5,0.053523809,4.720918,262.6,0.102409765,2.288,3.521,1.13,3.413884,363.2,1.842372465,4.58425,270.5,0.053523809,4.720918,262.6,0.102409766,-7.1071,-0.2911,6.82
mol1494,CCCCCCCCCNc1ccc(/N=N/c2ccc(C#N)cc2)cc1,2.82821,438.4,0.165946296,3.885552,319.1,0.746729444,4.602958,269.4,0.053452912,1.924,2.645,0.9,2.828222,438.4,0.165940988,3.885563,319.1,0.74671889,4.602968,269.4,0.053452859,-7.6548,-0.5187,7.14
mol1509,CN(C)c1ccc(/C=C2\CC/C(=C\c3ccc(N(C)C)cc3)C2=O)cc1,3.165055,391.7,2.307566343,3.600926,344.3,1.651e-06,3.917977,316.4,0.158669606,2.236,2.473,0.93,3.165061,391.7,2.307542057,3.600938,344.3,1.651e-06,3.917993,316.4,0.158663348,-6.9941,-0.5386,6.46
mol1513,CCN(CC)c1ccc(/C=C/c2ccc3nc(/C=C/c4ccc(N(C)C)cc4)oc3c2)cc1,3.162161,392.1,2.626943563,3.874069,320.0,0.558904346,4.469586,277.4,0.082366705,2.2,2.512,0.96,3.162161,392.1,2.626943562,3.874069,320.0,0.558904346,4.469586,277.4,0.082366705,-6.6692,-0.3558,6.31
mol1514,CCCCCCCCCCN(C)c1ccc(S(=O)(=O)O)cc1NC(=O)c1cc(/N=N/c2c(Cl)cccc2Cl)c2ccccc2c1O,2.802527,442.4,0.088307106,3.776589,328.3,0.497738249,4.087546,303.3,0.167848634,1.97,2.565,0.83,2.80254,442.4,0.088306398,3.776602,328.3,0.497739694,4.087558,303.3,0.167847451,-8.0258,-0.7363,7.29
mol1516,F[B-]1(F)n2c(c3ccccc3c2-c2ccccc2)C(c2ccccc2)=C2c3ccccc3C(c3ccccc3)=[N+]21,2.33972,529.9,1.204377705,4.203941,294.9,0.42577616,4.244592,292.1,0.075673461,1.246,2.909,1.09,2.33972,529.9,1.204377677,4.203941,294.9,0.425776156,4.244592,292.1,0.07567346,-6.9226,-1.35,5.57
mol1518,CCCCCCCCCCN(C)c1ccc(S(=O)(=O)O)cc1NC(=O)c1cc(/N=N/c2ccccc2Cl)c2ccccc2c1O,2.914119,425.5,0.180638432,3.522563,352.0,0.613714068,4.298892,288.4,0.009274802,1.956,2.553,0.96,2.91413,425.5,0.180634131,3.522574,352.0,0.613704799,4.298904,288.4,0.009274756,-8.0117,-1.0867,6.92
mol1519,COC(=O)/C=C/C1=CC2=C(c3ccc(OC)cc3)c3cc(/C=C/C(=O)OC(C)(C)C)cn3[B-](F)(F)[N+]2=C1,2.837175,437.0,1.242085952,3.433809,361.1,0.479409534,4.014916,308.8,0.130488194,1.828,2.818,1.01,2.837175,437.0,1.24208335,3.433809,361.1,0.479409514,4.014916,308.8,0.130488186,-8.0585,-1.707,6.35
mol1531,CCCCCCCN(CCCCC)c1ccc(-c2ccc(-c3ccc(/C=C(\C#N)C(=O)O)s3)c3nsnc23)cc1,2.543362,487.5,1.641485146,3.419508,362.6,0.299752167,3.952314,313.7,0.047970396,1.653,2.265,0.89,2.543362,487.5,1.64148495,3.419508,362.6,0.299752135,3.952314,313.7,0.047970291,-7.0513,-1.5939,5.46
mol1537,COc1cccc(OCCCCCN2c3ccccc3Sc3cc(-c4ccc(C=C(C#N)C(=O)O)s4)ccc32)c1,2.94504,421.0,1.428805484,3.917152,316.5,0.115110329,4.008933,309.3,0.004727095,1.923,3.0,1.02,2.945041,421.0,1.42880086,3.917153,316.5,0.115110165,4.008934,309.3,0.004727097,-7.2554,-1.2548,6.0
mol1542,CCCCCCCOc1ccc(N2c3ccccc3Sc3cc(/C=C(/C#N)C(=O)O)ccc32)cc1,3.118497,397.6,0.767340597,4.185557,296.2,0.306789251,4.273788,290.1,0.538854676,2.237,3.326,0.88,3.118502,397.6,0.767340477,4.185562,296.2,0.306788969,4.273794,290.1,0.538854453,-7.4293,-0.9288,6.5
mol1544,CCCN(c1ccccc1)c1ccc(C=C(C#N)C(=O)O)cc1,3.481698,356.1,1.43524145,4.668373,265.6,0.018605205,5.247782,236.3,0.021906584,2.321,3.896,1.16,3.481698,356.1,1.435241426,4.668373,265.6,0.018605205,5.247782,236.3,0.021906583,-7.6755,-0.6726,7.0
mol1551,CCCCCCCCCN(C)/N=C/c1cc(/N=N/c2cccc(Br)c2)ccc1O,2.847945,435.3,0.000404763,3.499588,354.3,0.704258715,4.015996,308.7,0.492514196,2.111,2.386,0.74,2.847957,435.3,0.00040476,3.4996,354.3,0.704249157,4.016008,308.7,0.492510391,-7.3923,-0.7386,6.65
mol1559,O=Cc1ccc(-c2ccc(-c3nc4cc5sc(-c6cccs6)nc5cc4s3)s2)s1,3.115402,398.0,2.279723613,3.935042,315.1,0.316487325,4.182548,296.4,0.07522747,2.05,2.64,1.07,3.115402,398.0,2.279723599,3.935042,315.1,0.316487325,4.182548,296.4,0.07522747,-7.6473,-1.2364,6.41
mol1562,CCCCCCC1(CCCC)c2cc(C#Cc3ccc(N(c4ccccc4)c4ccccc4)cc3)ccc2-c2ccc(C=O)cc21,3.5428,350.0,2.506556931,4.313264,287.4,0.036871532,4.381331,283.0,0.034874525,2.635,3.127,0.91,3.5428,350.0,2.506556368,4.313264,287.4,0.036871523,4.381331,283.0,0.034874524,-7.1468,-0.6001,6.55
mol1568,c1ccc(-c2ccc(-c3ccccc3)o2)cc1,4.011426,309.1,1.228392759,5.008178,247.6,0.010371974,5.06356,244.9,0.002751834,2.699,3.702,1.31,4.011426,309.1,1.228392759,5.008178,247.6,0.010371974,5.06356,244.9,0.002751834,-7.499,0.2311,7.73
mol1575,CCCCOc1ccc(/C=C/C2=[O+][B-](F)(F)OC(/C=C/c3ccc(OC)cc3)=C2c2ccccc2)cc1,2.939995,421.7,2.483505343,3.93299,315.2,0.053852559,4.444249,279.0,0.00205691,2.042,2.573,0.9,2.939995,421.7,2.48350528,3.93299,315.2,0.053852533,4.444251,279.0,0.002056908,-7.7752,-1.4224,6.35
mol1578,COc1ccc(/N=N/c2cc(C(N)=O)c(O)c3ccccc23)cc1,2.837557,436.9,0.049890231,3.343678,370.8,1.111215742,4.093968,302.8,0.157696053,2.011,2.212,0.83,2.837568,436.9,0.049889965,3.34369,370.8,1.111214209,4.093979,302.8,0.157695633,-7.5712,-0.6869,6.88
mol1587,CN(C)c1ccc(C2=Nc3sc4ccccc4[n+]3[B-](F)(F)O2)cc1,3.609677,343.5,1.742128932,4.782379,259.3,0.023300584,4.84923,255.7,0.012960303,2.753,3.622,0.86,3.609677,343.5,1.742092069,4.782379,259.3,0.023300583,4.84923,255.7,0.012960304,-7.6853,-0.5454,7.14
mol1594,O=S(=O)(O)c1ccc(/N=N/c2ccc(O)c3ncccc23)cc1,2.691493,460.7,0.007427611,3.313763,374.1,1.271266218,4.433417,279.7,0.017840053,1.948,2.023,0.74,2.691505,460.7,0.007427572,3.313775,374.1,1.271257713,4.433429,279.7,0.017839997,-8.0589,-1.2641,6.79
mol1596,CN(C)c1ccc(/C=C/c2nc(N)c3c([n+]2[O-])CCCC3)cc1,3.348477,370.3,1.394610239,4.1159,301.2,0.242409713,4.608194,269.1,0.000847664,2.213,3.067,1.14,3.348477,370.3,1.394608967,4.1159,301.2,0.242409711,4.608204,269.1,0.000847661,-6.959,-0.08,6.88
mol1597,CN(C)c1ccc(/C=C/c2nc3ccccc3o2)cc1,3.521126,352.1,1.941934686,4.606494,269.2,0.08310116,5.050599,245.5,0.01145471,2.359,3.603,1.16,3.521126,352.1,1.941934685,4.606494,269.2,0.08310116,5.050599,245.5,0.01145471,-7.1396,-0.1863,6.95
mol1602,CCCCCCCCCCCCCOc1cc(/C=N/c2ccc(/N=N/c3ccccc3)cc2)c(OCCCCCCCCCCC)cc1Br,2.792938,443.9,0.002266303,3.343651,370.8,1.903155461,3.968252,312.4,0.099935314,2.062,2.293,0.73,2.79295,443.9,0.002266231,3.343663,370.8,1.903151755,3.968264,312.4,0.099935347,-7.8113,-1.0042,6.81
mol1603,Nc1nc(N)n2nc3ccccc3cc12,2.225076,557.2,0.216006204,4.312243,287.5,0.079153243,4.625823,268.0,0.152990026,1.159,3.16,1.07,2.225076,557.2,0.216006204,4.312243,287.5,0.079153243,4.625823,268.0,0.152990026,-6.4558,-0.4134,6.04
mol1609,C1=NC(c2ccc(-c3ccc(-c4nc(-c5ccccc5)c(-c5ccccc5)[nH]4)s3)s2)=N1,2.45078,505.9,0.915203315,3.059546,405.2,0.882391261,3.210992,386.1,0.001183148,1.559,2.088,0.89,2.45078,505.9,0.915203315,3.059546,405.2,0.882391256,3.210993,386.1,0.001183148,-7.3616,-1.6335,5.73
mol1622,CCCCCCCCCCCCNc1ccc(/N=N/c2ccc(C#N)cc2)cc1,2.786755,444.9,0.185122133,3.257504,380.6,1.423379509,4.597941,269.7,0.022557025,1.905,2.21,0.88,2.786767,444.9,0.185119906,3.257515,380.6,1.423366339,4.597952,269.7,0.022556956,-7.4936,-0.9677,6.53
mol1627,CCCCCCCCCOc1cc2cc(-c3ccc(C(=O)OCC)cc3)sc2cc1C#Cc1ccc(C(=O)OCC)cc1,3.56106,348.2,2.421154494,4.107859,301.8,0.176904399,4.511784,274.8,0.135188656,2.55,3.108,1.01,3.56106,348.2,2.421154293,4.107859,301.8,0.176904314,4.511785,274.8,0.135188788,-7.6937,-0.7729,6.92
mol1636,C1=NC(c2ccc(-c3ccc(N(c4ccccc4)c4ccccc4)cc3)cc2)=N1,2.777153,446.4,0.40203704,3.149645,393.6,0.001596996,3.56481,347.8,1.118425114,1.789,2.733,0.99,2.777153,446.4,0.402035358,3.149645,393.6,0.001596995,3.56481,347.8,1.118425125,-7.3141,-1.2005,6.11
mol1671,C1=CC2=Nc3ccc(-c4ccc(-c5nc6ccccc6n5-c5ccccc5)s4)cc3C2=C1,2.119143,585.1,0.004878323,3.240486,382.6,0.869012049,3.821294,324.5,0.860309021,1.235,2.217,0.88,2.119143,585.1,0.004878323,3.240486,382.6,0.869012013,3.821294,324.5,0.860309021,-7.4947,-1.5036,5.99
mol1705,COc1ccc(-c2nc3c4cccnc4c4ncccc4c3nc2OC)cc1,3.906175,317.4,1.023568084,4.423594,280.3,0.005999775,4.486289,276.4,0.080904762,2.919,3.415,0.99,3.906175,317.4,1.023567173,4.423594,280.3,0.005999788,4.486289,276.4,0.080904753,-7.9386,-0.3336,7.61
mol1727,COC(=O)c1nc(-c2ccccc2)oc1-c1ccccc1,4.373508,283.5,0.902504091,5.026215,246.7,0.566133829,5.144801,241.0,0.041894677,3.073,3.592,1.3,4.373508,283.5,0.902502324,5.026215,246.7,0.566134111,5.144801,241.0,0.041894336,-8.2814,-0.0397,8.24
mol1736,CCCCCCCC1(CCCCCCC)c2ccccc2-c2ccc(C#Cc3ccc4c(c3)C(CCC)(CCCCC)c3ccccc3-4)cc21,3.773567,328.6,2.397459739,4.656422,266.3,0.01702158,4.803225,258.1,0.000125594,2.748,3.319,1.03,3.773567,328.6,2.397459739,4.656422,266.3,0.01702158,4.803225,258.1,0.000125594,-7.4673,-0.2403,7.23
mol1752,OC(O)CNc1ccc(/C=C/c2ccccn2)cc1,3.800345,326.2,1.558380561,4.644627,266.9,0.081238051,4.881857,254.0,0.003823441,2.516,3.81,1.28,3.800345,326.2,1.5583802,4.644627,266.9,0.081238051,4.881858,254.0,0.00382344,-7.2035,0.1198,7.32
mol1792,COc1ccc2cc(/C=C/c3ccc([N+](=O)[O-])cc3)ccc2c1,3.488079,355.5,1.903805612,4.256993,291.2,0.016684586,4.629438,267.8,0.042753401,2.353,3.212,1.14,3.488079,355.5,1.903805551,4.256993,291.2,0.016684586,4.629438,267.8,0.0427534,-7.6109,-1.0976,6.51
